Column1,Column2,Column3,Column4,Column5,Column6,Column7,Column8,Column9,Column10,Column11,Column12,Column13,Column14,Column15,Column16,Column17,Column18,Column19,Column20,Column21,Column22,Column23
Rk,Player,Age,Tm,Pos,GP,G,A,PTS,+/-,PIM,PS,EV,PP,SH,GW,EV,PP,SH,S,S%,TOI,ATOI
1,Antti Aalto\aaltoan01,24,MDA,C,63,7,11,18,-13,26,0.7,6,1,0,1,11,0,0,102,6.9,830,13:11
2,Bryan Adams\adamsbr01,22,ATL,LW,2,0,0,0,-1,0,-0.1,0,0,0,0,0,0,0,1,0.0,22,10:57
3,Greg Adams\adamsgr02,36,PHX,LW,69,19,27,46,-1,14,4.5,14,5,0,0,20,7,0,129,14.7,1171,16:58
4,Kevyn Adams\adamske01,25,TOR,C,52,5,8,13,-7,39,0.4,5,0,0,0,7,0,1,70,7.1,644,12:23
5,Maxim Afinogenov\afinoma01,20,BUF,RW,65,16,18,34,-4,41,3.7,14,2,0,2,12,6,0,128,12.5,854,13:09
6,Johnathan Aitken\aitkejo01,21,BOS,D,3,0,0,0,-3,0,-0.2,0,0,0,0,0,0,0,2,0.0,57,18:57
7,Mika Alatalo\alatami01,28,PHX,LW,82,10,17,27,-3,36,1.8,9,1,0,1,17,0,0,107,9.3,1035,12:37
8,Tommy Albelin\albelto01,35,CGY,D,41,4,6,10,-3,12,2.1,2,1,1,1,4,1,1,37,10.8,885,21:35
9,Keith Aldridge\aldrike01,26,DAL,D,4,0,0,0,1,0,0.2,0,0,0,0,0,0,0,6,0.0,44,11:05
10,Daniel Alfredsson\alfreda01,27,OTT,RW,57,21,38,59,11,28,7.1,15,4,2,0,27,9,2,164,12.8,1069,18:45
11,Jamie Allison\allisja01,24,CHI,D,59,1,3,4,-5,102,0.7,1,0,0,0,3,0,0,24,4.2,840,14:14
12,Jason Allison\allisja02,24,BOS,C,37,10,18,28,5,20,2.9,7,3,0,1,9,9,0,66,15.2,797,21:33
13,Tony Amonte\amontto01,29,CHI,RW,82,43,41,84,10,48,10.3,27,11,5,2,32,8,1,260,16.5,1795,21:54
14,Mikael Andersson\andermi01,33,TOT,LW,55,2,6,8,-3,4,0.1,1,0,1,0,5,0,1,57,3.5,559,10:10
15,Niklas Andersson\anderni01,28,TOT,LW,24,3,8,11,-3,8,0.8,2,1,0,0,4,3,1,31,9.7,316,13:11
16,Dave Andreychuk*\andreda01,36,TOT,LW,77,20,16,36,-20,30,2.7,12,8,0,3,7,9,0,233,8.6,1491,19:22
17,Greg Andrusak\andrugr01,30,TOR,D,9,0,1,1,1,4,0.3,0,0,0,0,1,0,0,5,0.0,166,18:25
18,Nik Antropov\antroni01,19,TOR,C,66,12,18,30,14,41,3.4,12,0,0,2,16,2,0,89,13.5,845,12:48
19,Derek Armstrong\armstde01,26,NYR,C,1,0,0,0,0,0,0.0,0,0,0,0,0,0,0,1,0.0,3,3:10
20,Jason Arnott\arnotja01,25,NJD,RW,76,22,34,56,22,51,6.6,15,7,0,4,26,8,0,244,9.0,1299,17:05
21,Magnus Arvedson\arvedma01,28,OTT,LW,47,15,13,28,4,36,3.3,13,1,1,4,13,0,0,91,16.5,849,18:04
22,Arron Asham\ashamar01,21,MTL,RW,33,4,2,6,-7,24,0.3,3,0,1,1,1,1,0,29,13.8,338,10:14
23,Kaspars Astashenko\astaska01,24,TBL,D,8,0,1,1,-2,4,0.1,0,0,0,0,1,0,0,3,0.0,134,16:48
24,Blair Atcheynum\atchebl01,30,CHI,RW,47,5,7,12,-8,6,0.4,5,0,0,0,7,0,0,48,10.4,576,12:15
25,Serge Aubin\aubinse01,24,COL,LW,15,2,1,3,1,6,0.4,2,0,0,1,1,0,0,14,14.3,99,6:37
26,Adrian Aucoin\aucoiad01,26,VAN,D,57,10,14,24,7,30,5.1,6,4,0,1,9,5,0,126,7.9,1317,23:06
27,Donald Audette\audetdo01,30,TOT,RW,63,19,24,43,2,57,4.6,17,1,1,4,15,9,0,162,11.7,1034,16:25
28,P.J. Axelsson\axelspj01,24,BOS,LW,81,10,16,26,1,24,1.6,10,0,0,4,15,1,0,186,5.4,1354,16:43
29,Maxim Balmochnykh\balmoma01,20,MDA,LW,6,0,1,1,2,2,0.1,0,0,0,0,1,0,0,6,0.0,40,6:44
30,Frank Banham\banhafr01,24,MDA,RW,3,0,0,0,0,2,0.0,0,0,0,0,0,0,0,4,0.0,20,6:47
31,Matthew Barnaby\barnama01,26,PIT,LW,64,12,12,24,3,197,2.2,12,0,0,3,11,1,0,80,15.0,809,12:38
32,Stu Barnes\barnest01,29,BUF,C,82,20,25,45,-3,16,4.3,10,8,2,2,17,8,0,137,14.6,1426,17:23
33,Murray Baron\baronmu01,32,VAN,D,81,2,10,12,8,67,3.4,2,0,0,0,8,1,1,48,4.2,1750,21:36
34,Len Barrie\barrile01,30,TOT,C,60,9,14,23,9,62,2.3,9,0,0,0,13,1,0,61,14.8,741,12:21
35,Lubos Bartecko\bartelu01,23,STL,LW,67,16,23,39,24,51,5.1,13,3,0,3,21,2,0,75,21.3,908,13:33
36,Andrei Bashkirov\bashkan01,29,MTL,LW,2,0,0,0,0,0,0.0,0,0,0,0,0,0,0,0,,10,5:10
37,Bob Bassen\bassebo01,34,STL,C,27,1,3,4,-3,26,0.0,1,0,0,0,3,0,0,26,3.8,266,9:51
38,Shawn Bates\batessh01,24,BOS,C,44,5,7,12,-17,14,0.3,5,0,0,1,7,0,0,65,7.7,478,10:52
39,Bates Battaglia\battaba01,24,CAR,LW,77,16,18,34,20,39,4.3,13,3,0,3,17,1,0,86,18.6,1171,15:12
40,Nolan Baumgartner\baumgno01,23,WSH,D,8,0,1,1,1,2,0.3,0,0,0,0,0,1,0,6,0.0,84,10:31
41,Steve Begin\beginst01,21,CGY,C,13,1,1,2,-3,18,0.0,1,0,0,0,1,0,0,3,33.3,94,7:13
42,Derek Bekar\bekarde01,24,STL,C,1,0,0,0,0,0,0.0,0,0,0,0,0,0,0,0,,5,5:14
43,Wade Belak\belakwa01,23,CGY,D,40,0,2,2,-4,122,0.2,0,0,0,0,2,0,0,11,0.0,302,7:33
44,Jesse Belanger\belanje01,30,MTL,C,16,3,6,9,2,2,1.1,3,0,0,0,5,1,0,21,14.3,171,10:41
45,Ken Belanger\belanke01,25,BOS,LW,37,2,2,4,-4,44,0.2,2,0,0,0,2,0,0,20,10.0,196,5:17
46,Josef Beranek\beranjo01,30,TOT,C,71,13,12,25,-12,57,1.6,9,4,0,1,9,3,0,139,9.4,1029,14:29
47,Bryan Berard\berarbr01,22,TOR,D,64,3,27,30,11,42,5.1,2,1,0,0,17,10,0,98,3.1,1253,19:34
48,Drake Berehowsky\berehdr01,28,NSH,D,79,12,20,32,-4,87,6.5,7,5,0,1,13,7,0,102,11.8,1790,22:39
49,Bubba Berenzweig\berenbu01,22,NSH,D,2,0,0,0,-1,0,0.0,0,0,0,0,0,0,0,3,0.0,35,17:32
50,Sergei Berezin\berezse01,28,TOR,LW,61,26,13,39,8,2,5.2,21,5,0,4,10,3,0,241,10.8,1029,16:52
51,Aki Berg\bergak01,22,LAK,D,70,3,13,16,-1,45,2.6,3,0,0,0,11,2,0,70,4.3,1165,16:39
52,Marc Bergevin\bergema01,34,STL,D,81,1,8,9,27,75,5.3,1,0,0,0,7,0,1,54,1.9,1723,21:16
53,Eric Bertrand\bertrer01,24,TOT,LW,12,0,0,0,-6,4,-0.4,0,0,0,0,0,0,0,12,0.0,111,9:13
54,Todd Bertuzzi\bertuto01,24,VAN,RW,80,25,25,50,-2,126,5.5,21,4,0,2,18,7,0,173,14.5,1232,15:24
55,Craig Berube\berubcr01,34,PHI,LW,77,4,8,12,3,162,0.9,4,0,0,0,8,0,0,63,6.3,616,8:00
56,Radim Bicanek\bicanra01,25,CHI,D,11,0,3,3,7,4,1.0,0,0,0,0,3,0,0,8,0.0,203,18:27
57,Mathieu Biron\bironma02,19,NYI,D,60,4,4,8,-13,38,1.1,2,2,0,2,2,2,0,70,5.7,902,15:02
58,James Black\blackja01,30,WSH,LW,49,8,9,17,-1,6,1.5,7,1,0,1,6,1,2,71,11.3,591,12:03
59,Jason Blake\blakeja01,26,LAK,C,64,5,18,23,4,26,1.7,5,0,0,1,14,4,0,131,3.8,722,11:17
60,Rob Blake*\blakero01,30,LAK,D,77,18,39,57,10,112,9.8,6,12,0,5,24,14,1,327,5.5,2194,28:30
61,Doug Bodger\bodgedo01,33,VAN,D,13,0,1,1,-6,4,-0.2,0,0,0,0,1,0,0,11,0.0,212,16:17
62,Eric Boguniecki\boguner01,24,FLA,C,4,0,0,0,-1,2,-0.1,0,0,0,0,0,0,0,5,0.0,34,8:35
63,Alexandre Boikov\boikoal01,24,NSH,D,2,0,0,0,0,2,0.0,0,0,0,0,0,0,0,1,0.0,17,8:31
64,Brad Bombardir\bombabr01,27,NJD,D,32,3,1,4,-6,6,0.7,3,0,0,0,0,1,0,24,12.5,509,15:54
65,Peter Bondra\bondrpe01,31,WSH,RW,62,21,17,38,5,30,4.3,13,5,3,5,11,6,0,187,11.2,1166,18:48
66,Radek Bonk\bonkra01,24,OTT,C,80,23,37,60,-2,53,6.3,13,10,0,5,26,10,1,167,13.8,1458,18:14
67,Ryan Bonni\bonniry01,20,VAN,D,3,0,0,0,-1,0,-0.1,0,0,0,0,0,0,0,1,0.0,29,9:37
68,Dennis Bonvie\bonvide01,26,PIT,RW,28,0,0,0,-2,80,-0.2,0,0,0,0,0,0,0,6,0.0,91,3:14
69,Sebastien Bordeleau\bordese01,24,NSH,C,60,10,13,23,-12,30,1.7,8,0,2,1,12,0,1,127,7.9,836,13:56
70,Jason Botterill\botteja01,23,TOT,LW,27,1,4,5,-11,17,-0.3,1,0,0,1,4,0,0,19,5.3,298,11:02
71,Joel Bouchard\bouchjo01,26,TOT,D,54,1,4,5,-10,25,1.1,1,0,0,0,4,0,0,61,1.6,991,18:21
72,Philippe Boucher\bouchph01,26,LAK,D,1,0,0,0,0,0,0.0,0,0,0,0,0,0,0,3,0.0,17,17:04
73,Bob Boughner\boughbo01,28,TOT,D,73,3,4,7,-11,166,1.7,2,1,0,1,4,0,0,40,7.5,1262,17:17
74,Francis Bouillon\bouilfr01,24,MTL,D,74,3,13,16,-7,38,3.4,1,2,0,1,9,4,0,76,3.9,1174,15:52
75,Ray Bourque*\bourqra01,39,TOT,D,79,18,34,52,-2,26,9.7,5,13,0,0,10,24,0,260,6.9,2148,27:11
76,Dan Boyle\boyleda01,23,FLA,D,13,0,3,3,-2,4,0.4,0,0,0,0,2,1,0,9,0.0,220,16:57
77,Nick Boynton\boyntni01,21,BOS,D,5,0,0,0,-5,0,-0.3,0,0,0,0,0,0,0,6,0.0,107,21:21
78,Donald Brashear\brashdo01,28,VAN,LW,60,11,2,13,-9,136,0.7,10,1,0,3,1,1,0,83,13.3,787,13:07
79,Eric Brewer\breweer01,20,NYI,D,26,0,2,2,-11,20,-0.2,0,0,0,0,2,0,0,30,0.0,482,18:33
80,Daniel Briere\brierda01,22,PHX,C,13,1,1,2,0,0,0.1,1,0,0,0,1,0,0,9,11.1,100,7:41
81,Travis Brigley\brigltr01,22,CGY,LW,17,0,2,2,-6,4,-0.4,0,0,0,0,1,0,1,17,0.0,242,14:14
82,Aris Brimanis\brimaar01,27,NYI,D,18,2,1,3,-5,6,0.5,0,2,0,0,1,0,0,16,12.5,360,20:00
83,Rod Brind'Amour\brindro01,29,TOT,C,45,9,13,22,-13,26,1.4,4,4,1,1,9,4,0,87,10.3,929,20:39
84,Patrice Brisebois\brisepa01,29,MTL,D,54,10,25,35,-1,18,6.8,5,5,0,2,13,12,0,88,11.4,1254,23:14
85,Brad Brown\brownbr01,24,CHI,D,57,0,9,9,-1,134,1.4,0,0,0,0,8,0,1,15,0.0,809,14:12
86,Curtis Brown\browncu01,23,BUF,C,74,22,29,51,19,42,6.1,17,5,0,4,25,4,0,149,14.8,1345,18:11
87,Doug Brown\browndo01,35,DET,RW,51,10,8,18,8,12,2.0,9,0,1,0,7,0,1,67,14.9,657,12:53
88,Kevin Brown\brownke03,25,EDM,RW,7,0,0,0,0,0,-0.1,0,0,0,0,0,0,0,5,0.0,58,8:21
89,Rob Brown\brownro01,31,PIT,RW,50,10,13,23,-13,10,1.8,6,4,0,3,2,11,0,73,13.7,531,10:37
90,Sean Brown\brownse01,23,EDM,D,72,4,8,12,1,192,2.7,4,0,0,2,7,1,0,36,11.1,914,12:41
91,Benoit Brunet\brunebe01,31,MTL,LW,50,14,15,29,3,13,3.4,7,6,1,2,10,5,0,103,13.6,899,17:59
92,Andrew Brunette\brunean01,26,ATL,LW,81,23,27,50,-32,30,4.4,14,9,0,2,15,12,0,107,21.5,1272,15:42
93,Sergei Brylin\brylise01,26,NJD,C,64,9,11,20,0,20,1.5,8,1,0,1,10,1,0,84,10.7,857,13:23
94,Kelly Buchberger\buchbke01,33,TOT,LW,81,7,13,20,-36,152,-0.6,7,0,0,0,12,1,0,76,9.2,1303,16:05
95,Jan Bulis\bulisja01,21,WSH,C,56,9,22,31,7,30,3.1,9,0,0,1,19,3,0,92,9.8,780,13:55
96,Pavel Bure*\burepa01,28,FLA,RW,74,58,36,94,25,16,13.5,45,11,2,14,27,9,0,360,16.1,1804,24:23
97,Valeri Bure\bureva01,25,CGY,RW,82,35,40,75,-7,50,8.0,22,13,0,6,22,18,0,308,11.4,1720,20:58
98,Marc Bureau\bureama01,33,TOT,C,63,3,5,8,-4,12,-0.1,2,0,1,0,5,0,0,51,5.9,724,11:29
99,Shawn Burr\burrsh01,33,TBL,LW,4,0,2,2,2,0,0.2,0,0,0,0,2,0,0,6,0.0,46,11:28
100,Adam Burt\burtad01,31,PHI,D,67,1,6,7,-2,45,2.3,1,0,0,1,6,0,0,49,2.0,1093,16:19
101,Sven Butensch√∂n\butensv01,23,PIT,D,3,0,0,0,3,0,0.3,0,0,0,0,0,0,0,2,0.0,49,16:25
102,Viacheslav Butsayev\butsavi01,29,TOT,C,5,0,0,0,-4,0,-0.2,0,0,0,0,0,0,0,2,0.0,45,9:04
103,Yuri Butsayev\butsayu01,21,DET,C,57,5,3,8,-6,12,0.1,5,0,0,0,3,0,0,46,10.9,547,9:36
104,Petr Buzek\buzekpe01,22,ATL,D,63,5,14,19,-22,41,2.3,2,3,0,0,10,4,0,90,5.6,1159,18:24
105,Dan Bylsma\bylsmda01,29,LAK,LW,64,3,6,9,-2,55,-0.1,2,0,1,0,6,0,0,43,7.0,665,10:23
106,Eric Cairns\cairner01,25,NYI,D,67,2,7,9,-5,196,1.9,2,0,0,0,5,0,2,55,3.6,1187,17:43
107,Kyle Calder\caldeky01,21,CHI,C,8,1,1,2,-3,2,0.0,1,0,0,0,1,0,0,5,20.0,80,9:59
108,Brian Campbell\campbbr02,20,BUF,D,12,1,4,5,-2,4,0.7,1,0,0,0,2,2,0,10,10.0,190,15:48
109,Jim Campbell\campbji01,26,STL,RW,2,0,0,0,0,9,0.0,0,0,0,0,0,0,0,6,0.0,31,15:17
110,Guy Carbonneau*\carbogu01,39,DAL,C,69,10,6,16,10,36,1.6,9,0,1,4,6,0,0,70,14.3,1079,15:38
111,Keith Carney\carneke01,29,PHX,D,82,4,20,24,11,87,5.2,4,0,0,1,18,2,0,73,5.5,1738,21:12
112,Anson Carter\cartean01,25,BOS,C,59,22,25,47,8,14,5.6,18,4,0,1,16,9,0,144,15.3,1211,20:31
113,Andrew Cassels\cassean01,30,VAN,C,79,17,45,62,8,16,5.8,11,6,0,1,27,17,1,109,15.6,1526,19:19
114,Shawn Chambers\chambsh01,33,DAL,D,4,0,0,0,-2,4,0.0,0,0,0,0,0,0,0,2,0.0,92,22:59
115,Zdeno Chara\charazd01,22,NYI,D,65,2,9,11,-27,57,0.6,2,0,0,1,8,0,1,47,4.3,1486,22:52
116,Eric Charron\charrer01,30,CGY,D,21,0,0,0,-3,37,0.0,0,0,0,0,0,0,0,8,0.0,220,10:29
117,Brad Chartrand\chartbr01,25,LAK,RW,50,6,6,12,4,17,1.0,5,0,1,3,6,0,0,51,11.8,552,11:03
118,Kelly Chase\chaseke01,32,STL,RW,25,0,1,1,-5,118,-0.4,0,0,0,0,1,0,0,14,0.0,194,7:46
119,Vladimir Chebaturkin\chebavl01,24,NYI,D,17,1,1,2,-3,8,0.4,1,0,0,0,1,0,0,9,11.1,288,16:57
120,Chris Chelios*\chelich01,38,DET,D,81,3,31,34,48,103,9.2,3,0,0,0,25,4,2,135,2.2,2047,25:16
121,Tom Chorske\chorsto01,33,PIT,LW,33,1,5,6,-2,2,0.1,1,0,0,0,4,0,1,14,7.1,259,7:50
122,Ryan Christie\chrisry01,21,DAL,LW,5,0,0,0,-1,0,-0.1,0,0,0,0,0,0,0,1,0.0,12,2:29
123,Artem Chubarov\chubaar01,20,VAN,C,49,1,8,9,-4,10,-0.1,1,0,0,1,8,0,0,53,1.9,574,11:43
124,Marian Cisar\cisarma01,21,NSH,RW,3,0,0,0,-2,4,-0.1,0,0,0,0,0,0,0,2,0.0,25,8:18
125,Brett Clark\clarkbr01,23,ATL,D,14,0,1,1,-12,4,-0.5,0,0,0,0,1,0,0,13,0.0,236,16:51
126,Chris Clark\clarkch01,23,CGY,RW,22,0,1,1,-3,14,-0.4,0,0,0,0,1,0,0,17,0.0,199,9:02
127,Wendel Clark\clarkwe01,33,TOT,LW,33,4,2,6,-5,34,0.1,4,0,0,1,2,0,0,63,6.3,401,12:09
128,Dan Cleary\clearda01,21,EDM,LW,17,3,2,5,-1,8,0.5,3,0,0,1,1,1,0,18,16.7,166,9:44
129,Ben Clymer\clymebe01,21,TBL,D,60,2,6,8,-26,87,0.0,0,2,0,0,5,1,0,98,2.0,1177,19:37
130,Paul Coffey*\coffepa01,38,CAR,D,69,11,29,40,-6,40,7.1,5,6,0,3,13,16,0,155,7.1,1558,22:35
131,Paul Comrie\comripa01,22,EDM,C,15,1,2,3,-2,4,0.1,1,0,0,0,2,0,0,11,9.1,155,10:21
132,Tim Connolly\connoti01,18,NYI,C,81,14,20,34,-25,44,1.8,11,2,1,1,16,4,0,114,12.3,1321,16:18
133,Craig Conroy\conrocr01,28,STL,C,79,12,15,27,5,36,2.4,9,1,2,3,13,0,2,98,12.2,1170,14:48
134,Matt Cooke\cookema01,21,VAN,LW,51,5,7,12,3,39,0.8,4,0,1,1,7,0,0,58,8.6,602,11:48
135,Rene Corbet\corbere01,26,TOT,LW,52,5,10,15,-11,60,0.6,4,1,0,0,8,2,0,109,4.6,605,11:38
136,Bob Corkum\corkubo01,32,LAK,RW,45,5,6,11,0,14,0.4,5,0,0,0,5,0,1,45,11.1,650,14:26
137,Shayne Corson\corsosh01,33,MTL,LW,70,8,20,28,-2,115,1.9,6,2,0,1,7,12,1,121,6.6,1336,19:05
138,Patrick Cote\cotepa01,25,NSH,LW,21,0,0,0,-7,70,-0.4,0,0,0,0,0,0,0,8,0.0,110,5:13
139,Sylvain Cote\cotesy01,34,TOT,D,76,8,27,35,3,28,6.3,3,5,0,2,14,13,0,128,6.3,1625,21:23
140,Geoff Courtnall\courtge01,37,STL,LW,6,2,2,4,3,6,0.6,2,0,0,1,1,1,0,15,13.3,86,14:20
141,Jeff Cowan\cowanje01,23,CGY,LW,13,4,1,5,2,16,0.8,4,0,0,0,1,0,0,26,15.4,135,10:22
142,Murray Craven\cravemu01,35,SJS,C,19,0,2,2,-2,4,-0.3,0,0,0,0,1,1,0,18,0.0,249,13:06
143,Cory Cross\crossco01,29,TOR,D,71,4,11,15,13,64,3.8,4,0,0,1,10,0,1,60,6.7,1135,15:59
144,Phil Crowe\croweph01,29,NSH,RW,4,0,0,0,0,10,0.0,0,0,0,0,0,0,0,1,0.0,16,4:06
145,Matt Cullen\cullema01,23,MDA,C,80,13,26,39,5,24,3.3,12,1,0,1,18,7,1,137,9.5,1352,16:54
146,Jassen Cullimore\cullija01,27,TBL,D,46,1,1,2,-12,66,0.0,1,0,0,0,1,0,0,23,4.3,719,15:38
147,Jim Cummins\cummiji01,29,MTL,RW,47,3,5,8,-5,92,0.4,3,0,0,0,4,1,0,33,9.1,422,8:58
148,Mariusz Czerkawski\czerkma01,27,NYI,RW,79,35,35,70,-16,34,8.1,19,16,0,4,22,13,0,276,12.7,1402,17:45
149,Andreas Dackell\dackean01,27,OTT,RW,82,10,25,35,5,18,2.7,10,0,0,1,20,5,0,99,10.1,1335,16:17
150,Ulf Dahlen\dahleul01,33,WSH,RW,75,15,23,38,11,8,4.3,10,5,0,4,21,2,0,106,14.2,949,12:40
151,Alexandre Daigle\daiglal02,24,NYR,RW,58,8,18,26,-5,23,2.2,7,1,0,1,13,5,0,52,15.4,637,10:59
152,J.J. Daigneault\daignjj01,34,PHX,D,53,1,6,7,-16,22,0.2,1,0,0,0,5,1,0,44,2.3,753,14:12
153,Vincent Damphousse\damphvi01,32,SJS,C,82,21,49,70,4,58,6.8,17,3,1,1,17,27,5,204,10.3,1676,20:26
154,Mathieu Dandenault\dandema01,23,DET,D,81,6,12,18,-12,20,2.3,6,0,0,0,11,0,1,98,6.1,986,12:10
155,Ken Daneyko\daneyke01,35,NJD,D,78,0,6,6,13,98,3.0,0,0,0,0,5,0,1,74,0.0,1411,18:06
156,Jeff Daniels\danieje01,31,CAR,LW,69,3,4,7,-8,10,0.0,3,0,0,0,4,0,0,28,10.7,531,7:42
157,Craig Darby\darbycr01,27,MTL,C,76,7,10,17,-14,14,0.6,6,0,1,2,10,0,0,90,7.8,1045,13:45
158,Johan Davidsson\davidjo02,24,TOT,C,19,3,4,7,0,2,0.7,3,0,0,1,3,1,0,29,10.3,215,11:19
159,Jason Dawe\daweja01,26,NYR,RW,3,0,1,1,0,2,0.0,0,0,0,0,1,0,0,8,0.0,41,13:35
160,Eric Daze\dazeer01,24,CHI,RW,59,23,13,36,-16,28,3.8,17,6,0,1,7,5,1,143,16.1,959,16:15
161,Greg de Vries\devrigr01,27,COL,D,69,2,7,9,-7,73,1.7,2,0,0,0,7,0,0,40,5.0,1034,14:59
162,Adam Deadmarsh\deadmad01,24,COL,RW,71,18,27,45,-10,106,3.7,13,5,0,4,12,14,1,153,11.8,1452,20:27
163,Kevin Dean\deanke01,30,TOT,D,64,3,8,11,3,36,2.8,2,0,1,0,7,1,0,47,6.4,1049,16:24
164,Louie DeBrusk\debrulo01,28,PHX,LW,61,4,3,7,1,78,0.6,4,0,0,0,3,0,0,24,16.7,327,5:21
165,Andy Delmore\delmoan01,23,PHI,D,27,2,5,7,-1,8,1.5,2,0,0,1,4,1,0,55,3.6,467,17:17
166,Pavol Demitra\demitpa01,25,STL,RW,71,28,47,75,34,8,9.7,20,8,0,4,32,15,0,241,11.6,1365,19:13
167,Nathan Dempsey\dempsna01,25,TOR,LW,6,0,2,2,2,2,0.1,0,0,0,0,2,0,0,3,0.0,82,13:40
168,Eric Desjardins\desjaer01,30,PHI,D,81,14,41,55,20,32,12.0,6,8,0,4,25,16,0,207,6.8,2188,27:01
169,Boyd Devereaux\deverbo01,21,EDM,C,76,8,19,27,7,20,2.3,7,0,1,2,19,0,0,108,7.4,958,12:36
170,Gerald Diduck\diducge01,34,TOR,D,26,0,3,3,2,33,0.7,0,0,0,0,3,0,0,18,0.0,401,15:25
171,Rob DiMaio\dimairo01,31,TOT,RW,62,6,19,25,-9,50,1.2,6,0,0,0,18,1,0,111,5.4,1025,16:32
172,Kevin Dineen\dineeke01,36,OTT,RW,67,4,8,12,2,57,0.7,4,0,0,1,8,0,0,71,5.6,638,9:31
173,Chris Dingman\dingmch01,23,COL,LW,68,8,3,11,-2,132,1.1,6,2,0,1,1,2,0,54,14.8,441,6:29
174,Shane Doan\doansh01,23,PHX,RW,81,26,25,51,6,66,5.7,24,1,1,4,23,2,0,221,11.8,1365,16:51
175,Jason Doig\doigja01,23,NYR,D,7,0,1,1,-2,22,0.0,0,0,0,0,1,0,0,3,0.0,62,8:50
176,Bobby Dollas\dollabo01,35,TOT,D,50,3,7,10,6,28,2.8,2,1,0,0,7,0,0,36,8.3,1004,20:05
177,Robert Dome\domero01,21,PIT,C,22,2,5,7,1,0,0.5,2,0,0,0,4,1,0,27,7.4,217,9:51
178,Hnat Domenichelli\domenhn01,23,TOT,C,59,11,18,29,-21,16,1.9,10,1,0,1,11,7,0,125,8.8,861,14:36
179,Tie Domi\domiti01,30,TOR,RW,70,5,9,14,-5,198,0.5,5,0,0,2,8,1,0,64,7.8,698,9:58
180,Ted Donato\donatte01,30,MDA,LW,81,11,19,30,-3,26,2.1,9,2,0,3,15,3,1,138,8.0,1181,14:35
181,Shean Donovan\donovsh01,25,TOT,RW,51,5,7,12,-17,26,0.2,4,1,0,1,5,2,0,66,7.6,569,11:09
182,Jim Dowd\dowdji01,31,EDM,C,69,5,18,23,10,45,1.7,3,2,0,1,13,5,0,103,4.9,906,13:08
183,Aaron Downey\downeaa01,25,BOS,RW,1,0,0,0,0,0,0.0,0,0,0,0,0,0,0,0,,9,8:31
184,Dallas Drake\drakeda01,30,PHX,RW,79,15,30,45,11,62,4.4,13,0,2,5,26,1,3,127,11.8,1248,15:48
185,Kris Draper\drapekr01,28,DET,C,51,5,7,12,3,28,0.6,5,0,0,3,7,0,0,76,6.6,691,13:33
186,Harold Druken\drukeha01,21,VAN,C,33,7,9,16,14,10,2.2,5,2,0,0,9,0,0,69,10.1,429,13:01
187,Stan Drulia\drulist01,32,TBL,RW,68,11,22,33,-18,24,1.9,8,1,2,1,17,5,0,94,11.7,1130,16:37
188,Chris Drury\drurych01,23,COL,C,82,20,47,67,8,42,6.8,13,7,0,2,31,16,0,213,9.4,1521,18:33
189,Ted Drury\druryte01,28,TOT,C,66,3,2,5,-9,37,-0.4,2,1,0,0,2,0,0,57,5.3,487,7:23
190,Steve Dubinsky\dubinst01,29,CGY,C,23,0,1,1,-12,4,-0.8,0,0,0,0,1,0,0,29,0.0,278,12:05
191,Steve Duchesne\duchest01,34,DET,D,79,10,31,41,12,42,7.6,9,1,0,1,17,14,0,154,6.5,1677,21:14
192,Dave Duerden\duerdda01,22,FLA,LW,2,0,0,0,0,0,0.0,0,0,0,0,0,0,0,1,0.0,3,1:35
193,J.P. Dumont\dumonjp01,21,CHI,LW,47,10,8,18,-6,18,1.6,10,0,0,1,8,0,0,86,11.6,606,12:54
194,Radek Dvorak\dvorara01,22,TOT,RW,81,18,32,50,5,16,4.8,15,2,1,1,20,9,3,157,11.5,1386,17:07
195,Gordie Dwyer\dwyergo01,22,TBL,LW,24,0,1,1,-6,135,-0.3,0,0,0,0,1,0,0,7,0.0,119,4:57
196,Karl Dykhuis\dykhuka01,27,TOT,D,72,7,13,20,-5,46,4.8,3,3,1,0,9,4,0,69,10.1,1406,19:32
197,Mike Eagles\eaglemi01,36,WSH,LW,25,2,0,2,-7,15,-0.2,2,0,0,1,0,0,0,13,15.4,190,7:37
198,Dallas Eakins\eakinda01,32,NYI,D,2,0,1,1,3,2,0.4,0,0,0,0,1,0,0,4,0.0,43,21:28
199,Mike Eastwood\eastwmi01,32,STL,C,79,19,15,34,5,32,3.8,15,1,3,3,13,0,2,83,22.9,1196,15:08
200,Mark Eaton\eatonma01,22,PHI,D,27,1,1,2,1,8,1.1,1,0,0,1,0,1,0,25,4.0,494,18:17
201,Nils Ekman\ekmanni01,23,TBL,RW,28,2,2,4,-8,36,-0.2,1,1,0,0,1,1,0,42,4.8,313,11:12
202,Patrik Elias\eliaspa01,23,NJD,LW,72,35,37,72,16,58,9.4,26,9,0,9,22,15,0,183,19.1,1257,17:28
203,Matt Elich\elichma01,20,TBL,RW,8,1,1,2,-1,0,0.2,1,0,0,0,1,0,0,5,20.0,49,6:07
204,Dave Ellett\elletda01,35,STL,D,52,2,8,10,-4,12,1.8,2,0,0,1,4,4,0,41,4.9,701,13:28
205,Miika Elomo\elomomi01,22,WSH,LW,2,0,1,1,1,2,0.1,0,0,0,0,1,0,0,3,0.0,22,11:12
206,Mikko Eloranta\elorami01,27,BOS,LW,50,6,12,18,-10,36,1.1,5,1,0,0,12,0,0,59,10.2,615,12:18
207,Nelson Emerson\emersne01,32,TOT,RW,63,15,20,35,-23,47,2.5,11,4,0,0,14,5,1,196,7.7,1185,18:49
208,John Emmons\emmonjo01,25,OTT,C,10,0,0,0,-2,6,-0.2,0,0,0,0,0,0,0,3,0.0,74,7:27
209,Anders Eriksson\eriksan01,25,CHI,D,73,3,25,28,4,20,4.5,3,0,0,1,15,10,0,86,3.5,1537,21:03
210,Pat Falloon\fallopa01,27,TOT,RW,63,9,22,31,4,14,2.9,8,1,0,0,18,4,0,92,9.8,776,12:19
211,Rico Fata\fatari01,19,CGY,RW,2,0,0,0,-1,0,-0.1,0,0,0,0,0,0,0,0,,20,10:06
212,Sergei Fedorov*\fedorse01,30,DET,C,68,27,35,62,8,22,6.9,19,4,4,7,19,15,1,263,10.3,1366,20:05
213,Andrew Ference\ferenan01,20,PIT,D,30,2,4,6,3,20,1.4,2,0,0,1,4,0,0,26,7.7,490,16:19
214,Brad Ference\ferenbr01,20,FLA,D,13,0,2,2,2,46,0.5,0,0,0,0,2,0,0,10,0.0,178,13:40
215,Craig Ferguson\fergucr01,29,FLA,RW,3,0,0,0,-2,0,-0.1,0,0,0,0,0,0,0,2,0.0,17,5:34
216,Chris Ferraro\ferrach01,27,NYI,C,11,1,3,4,1,8,0.4,1,0,0,0,2,1,0,15,6.7,105,9:30
217,Peter Ferraro\ferrape01,27,BOS,RW,5,0,1,1,-1,0,0.0,0,0,0,0,1,0,0,3,0.0,41,8:11
218,Ray Ferraro\ferrara01,35,ATL,C,81,19,25,44,-33,88,3.3,9,10,0,3,17,8,0,170,11.2,1309,16:10
219,Jeff Finley\finleje01,32,STL,D,74,2,8,10,26,38,4.9,2,0,0,2,5,2,1,31,6.5,1318,17:49
220,Jiri Fischer\fischji01,19,DET,D,52,0,8,8,1,45,1.4,0,0,0,0,8,0,0,41,0.0,564,10:51
221,Mike Fisher\fishemi01,19,OTT,C,32,4,5,9,-6,15,0.5,4,0,0,1,5,0,0,49,8.2,414,12:57
222,Tom Fitzgerald\fitzgto01,31,NSH,RW,82,13,9,22,-18,66,1.2,10,0,3,1,8,0,1,119,10.9,1144,13:57
223,Theoren Fleury\fleurth01,31,NYR,RW,80,15,49,64,-4,68,5.3,14,1,0,1,29,20,0,246,6.1,1575,19:41
224,Adam Foote\footead01,28,COL,D,59,5,13,18,5,98,4.4,4,1,0,2,10,3,0,63,7.9,1526,25:51
225,Colin Forbes\forbeco01,23,TOT,LW,53,2,5,7,-5,30,0.0,2,0,0,0,5,0,0,57,3.5,457,8:37
226,Peter Forsberg*\forsbpe01,26,COL,C,49,14,37,51,9,52,5.4,11,3,0,2,25,12,0,105,13.3,1025,20:55
227,Ron Francis*\francro01,36,CAR,C,78,23,50,73,10,18,7.9,16,7,0,4,28,22,0,150,15.3,1714,21:58
228,Kyle Freadrich\freadky01,21,TBL,RW,10,0,0,0,-1,39,-0.1,0,0,0,0,0,0,0,0,,23,2:19
229,Jeff Friesen\friesje01,23,SJS,LW,82,26,35,61,-2,47,6.2,12,11,3,7,19,13,3,191,13.6,1623,19:48
230,Simon Gagne\gagnesi01,19,PHI,C,80,20,28,48,11,22,5.9,11,8,1,4,15,13,0,159,12.6,1198,14:59
231,Maxim Galanov\galanma01,25,ATL,D,40,4,3,7,-12,20,1.3,4,0,0,0,1,2,0,47,8.5,861,21:32
232,Garry Galley\gallega01,36,LAK,D,70,9,21,30,9,52,5.6,7,2,0,1,10,11,0,96,9.4,1417,20:15
233,Bruce Gardiner\gardibr01,27,TOT,RW,51,3,9,12,-20,41,-0.4,3,0,0,0,9,0,0,48,6.3,691,13:34
234,Johan Garpenlov\garpejo01,31,ATL,LW,73,2,14,16,-30,31,-1.0,2,0,0,0,11,3,0,79,2.5,1118,15:19
235,Denis Gauthier\gauthde01,23,CGY,D,39,1,1,2,-4,50,0.7,1,0,0,0,0,0,1,29,3.4,754,19:21
236,Aaron Gavey\gaveyaa01,25,DAL,C,41,7,6,13,0,44,1.5,6,1,0,2,6,0,0,39,17.9,406,9:55
237,Martin Gelinas\gelinma01,29,CAR,LW,81,14,16,30,-10,40,2.6,11,3,0,0,14,2,0,139,10.1,1106,13:39
238,Brent Gilchrist\gilchbr01,32,DET,LW,24,4,2,6,1,24,0.6,4,0,0,0,2,0,0,33,12.1,272,11:19
239,Hal Gill\gillha01,24,BOS,D,81,3,9,12,0,51,3.3,3,0,0,0,9,0,0,120,2.5,1398,17:15
240,Todd Gill\gillto01,34,TOT,D,54,3,6,9,-8,45,1.3,3,0,0,2,6,0,0,61,4.9,862,15:58
241,Doug Gilmour*\gilmodo01,36,TOT,C,74,25,48,73,-9,63,7.2,15,10,0,3,35,13,0,113,22.1,1468,19:50
242,Jonathan Girard\girarjo01,19,BOS,D,23,1,2,3,-1,2,0.6,1,0,0,0,2,0,0,17,5.9,219,9:32
243,Ray Giroux\giroura01,23,NYI,D,14,0,9,9,0,10,1.1,0,0,0,0,2,7,0,24,0.0,205,14:40
244,Erich Goldmann\goldmer01,23,OTT,D,1,0,0,0,0,0,0.0,0,0,0,0,0,0,0,0,,10,9:44
245,Yan Golubovsky\golubya01,23,DET,D,21,1,2,3,3,8,0.8,1,0,0,0,2,0,0,7,14.3,187,8:54
246,Scott Gomez\gomezsc01,20,NJD,C,82,19,51,70,14,78,7.3,12,7,0,1,31,20,0,204,9.3,1341,16:21
247,Sergei Gonchar\gonchse01,25,WSH,D,73,18,36,54,26,52,11.1,13,5,0,3,22,14,0,181,9.9,1589,21:46
248,Daniel Goneau\goneada01,24,NYR,LW,1,0,0,0,-1,0,-0.1,0,0,0,0,0,0,0,3,0.0,14,14:26
249,David Gosselin\gosseda01,22,NSH,RW,10,2,1,3,-4,6,0.2,2,0,0,0,1,0,0,14,14.3,93,9:16
250,Tony Granato\granato01,35,SJS,RW,48,6,7,13,2,39,1.3,5,1,0,0,7,0,0,67,9.0,436,9:05
251,Jean-Luc Grand-Pierre\grandje01,22,BUF,D,11,0,0,0,-1,15,0.1,0,0,0,0,0,0,0,10,0.0,167,15:11
252,Benoit Gratton\grattbe01,23,CGY,LW,10,0,2,2,1,10,0.1,0,0,0,0,2,0,0,4,0.0,83,8:15
253,Chris Gratton\grattch01,24,TOT,C,72,15,34,49,-23,136,3.3,11,4,0,1,26,8,0,202,7.4,1396,19:23
254,Adam Graves\gravead01,31,NYR,LW,77,23,17,40,-15,14,3.5,12,11,0,4,10,7,0,194,11.9,1445,18:46
255,Josh Green\greenjo01,22,NYI,LW,49,12,14,26,-7,41,2.6,10,2,0,3,9,5,0,109,11.0,666,13:36
256,Travis Green\greentr01,29,PHX,C,78,25,21,46,-4,45,4.8,19,6,0,2,17,4,0,157,15.9,1294,16:36
257,Mark Greig\greigma01,30,PHI,RW,11,3,2,5,0,6,0.7,3,0,0,1,1,1,0,14,21.4,125,11:19
258,Mike Grier\griermi01,25,EDM,RW,65,9,22,31,9,68,2.7,6,0,3,2,20,1,1,115,7.8,1024,15:45
259,Stu Grimson\grimsst01,34,MDA,LW,50,1,2,3,0,116,0.0,1,0,0,0,2,0,0,14,7.1,260,5:13
260,Michal Grosek\grosemi01,24,TOT,LW,75,13,27,40,11,47,4.0,10,3,0,2,26,1,0,114,11.4,1177,15:41
261,John Gruden\grudejo01,29,OTT,D,9,0,0,0,0,4,0.2,0,0,0,0,0,0,0,3,0.0,148,16:29
262,Bill Guerin\gueribi01,29,EDM,RW,70,24,22,46,4,123,5.3,13,11,0,2,16,6,0,188,12.8,1262,18:01
263,Steve Guolla\guollst01,26,TOT,C,66,10,19,29,-11,15,2.2,6,4,0,0,15,3,1,86,11.6,882,13:22
264,Miloslav Guren\gurenmi01,23,MTL,D,24,1,2,3,-5,12,0.7,0,1,0,0,1,1,0,20,5.0,366,15:14
265,Alexei Gusarov\gusaral01,35,COL,D,34,2,2,4,-8,10,0.7,2,0,0,0,2,0,0,16,12.5,662,19:27
266,Sergey Gusev\gusevse01,24,TBL,D,28,2,3,5,-9,6,0.5,1,1,0,0,3,0,0,23,8.7,492,17:34
267,Sean Haggerty\haggese01,23,NYI,LW,5,1,1,2,3,4,0.4,1,0,0,0,1,0,0,2,50.0,48,9:38
268,Steven Halko\halkost01,25,CAR,D,58,0,8,8,0,25,2.3,0,0,0,0,8,0,0,54,0.0,969,16:43
269,Kevin Haller\halleke01,29,MDA,D,67,3,5,8,-8,61,1.9,3,0,0,2,5,0,0,50,6.0,1217,18:10
270,Jeff Halpern\halpeje01,23,WSH,C,79,18,11,29,21,39,3.9,10,4,4,1,10,1,0,108,16.7,1046,13:14
271,Denis Hamel\hamelde01,22,BUF,LW,3,1,0,1,-1,0,0.1,1,0,0,0,0,0,0,3,33.3,29,9:45
272,Roman Hamrlik\hamrlro01,25,EDM,D,80,8,37,45,1,68,7.7,3,5,0,0,16,21,0,180,4.4,2023,25:18
273,Michal Handzus\handzmi01,22,STL,C,81,25,28,53,19,44,6.5,18,3,4,5,22,4,2,166,15.1,1436,17:43
274,Scott Hannan\hannasc01,21,SJS,D,30,1,2,3,7,10,1.5,1,0,0,0,2,0,0,28,3.6,514,17:09
275,Tavis Hansen\hanseta01,24,PHX,C,5,0,0,0,0,0,0.0,0,0,0,0,0,0,0,2,0.0,21,4:17
276,David Harlock\harloda01,28,ATL,D,44,0,6,6,-8,36,1.1,0,0,0,0,6,0,0,29,0.0,866,19:41
277,Todd Harvey\harveto01,24,TOT,RW,71,11,7,18,-11,140,1.1,9,2,0,0,7,0,0,90,12.2,900,12:40
278,Derian Hatcher\hatchde01,27,DAL,D,57,2,22,24,6,68,5.7,2,0,0,0,14,6,2,90,2.2,1570,27:33
279,Kevin Hatcher\hatchke01,33,NYR,D,74,4,19,23,-10,38,3.9,2,2,0,0,10,9,0,112,3.6,1568,21:11
280,Brett Hauer\hauerbr01,28,EDM,D,5,0,2,2,-2,2,0.1,0,0,0,0,2,0,0,8,0.0,74,14:48
281,Niclas Havelid\havelni01,26,MDA,D,50,2,7,9,0,20,2.2,2,0,0,2,6,1,0,70,2.9,958,19:10
282,Greg Hawgood\hawgogr01,31,VAN,D,79,5,17,22,5,26,4.2,3,2,0,0,12,5,0,70,7.1,1358,17:11
283,Dwayne Hay\haydw01,22,TOT,RW,19,1,1,2,-2,4,0.0,1,0,0,0,1,0,0,14,7.1,118,6:14
284,Jochen Hecht\hechtjo01,22,STL,RW,63,13,21,34,20,28,4.1,8,5,0,1,15,6,0,140,9.3,971,15:25
285,Bret Hedican\hedicbr01,29,FLA,D,76,6,19,25,4,68,4.9,4,2,0,1,17,2,0,58,10.3,1489,19:36
286,Shawn Heins\heinssh01,26,SJS,D,1,0,0,0,-1,2,-0.1,0,0,0,0,0,0,0,1,0.0,11,10:57
287,Steve Heinze\heinzst01,30,BOS,RW,75,12,13,25,-8,36,1.8,10,2,0,2,9,4,0,145,8.3,1121,14:57
288,Milan Hejduk\hejdumi01,23,COL,RW,82,36,36,72,14,16,9.0,23,13,0,9,21,14,1,228,15.8,1638,19:58
289,Sami Helenius\helensa01,26,COL,D,33,0,0,0,-5,46,-0.1,0,0,0,0,0,0,0,6,0.0,233,7:04
290,Bryan Helmer\helmebr01,27,STL,D,15,1,1,2,-3,10,0.4,0,1,0,1,1,0,0,19,5.3,244,16:15
291,Jay Henderson\hendeja01,21,BOS,LW,16,1,3,4,1,9,0.4,1,0,0,0,3,0,0,18,5.6,86,5:22
292,Darby Hendrickson\hendrda01,27,VAN,C,40,5,4,9,-3,14,0.5,4,0,1,1,4,0,0,39,12.8,461,11:32
293,Ian Herbers\herbeia01,32,TOT,D,43,0,3,3,-6,47,0.4,0,0,0,0,3,0,0,14,0.0,651,15:09
294,Chris Herperger\herpech01,25,CHI,C,9,0,0,0,-2,5,-0.2,0,0,0,0,0,0,0,2,0.0,69,7:39
295,Jamie Heward\hewarja01,28,NYI,D,54,6,11,17,-9,26,2.7,4,2,0,1,6,5,0,92,6.5,1078,19:58
296,Alex Hicks\hicksal01,30,FLA,LW,8,1,2,3,3,4,0.4,1,0,0,0,2,0,0,6,16.7,69,8:39
297,Matt Higgins\higgima01,22,MTL,C,25,0,2,2,-6,4,-0.3,0,0,0,0,2,0,0,9,0.0,199,7:57
298,Sean Hill\hillse01,29,CAR,D,62,13,31,44,3,59,8.4,5,8,0,2,11,18,2,150,8.7,1520,24:31
299,Dan Hinote\hinotda01,23,COL,RW,27,1,3,4,0,10,0.2,1,0,0,0,2,1,0,14,7.1,212,7:51
300,Jan Hlavac\hlavaja01,23,NYR,LW,67,19,23,42,3,16,4.7,13,6,0,2,19,4,0,134,14.2,1015,15:09
301,Jonas Hoglund\hoglujo01,27,TOR,LW,82,29,27,56,-2,10,6.2,19,9,1,3,18,9,0,215,13.5,1407,17:10
302,Benoit Hogue\hoguebe01,33,PHX,LW,27,3,10,13,-1,10,0.8,3,0,0,0,9,1,0,39,7.7,425,15:45
303,Josh Holden\holdejo01,22,VAN,C,6,1,5,6,2,2,0.7,1,0,0,0,5,0,0,5,20.0,63,10:25
304,Bobby Holik\holikbo01,29,NJD,C,79,23,23,46,7,106,5.0,16,7,0,4,17,6,0,257,8.9,1333,16:53
305,Jason Holland\hollaja01,23,BUF,D,9,0,1,1,0,0,0.2,0,0,0,0,0,1,0,8,0.0,140,15:31
306,Tomas Holmstrom\holmsto01,27,DET,LW,72,13,22,35,4,43,3.5,9,4,0,1,16,6,0,71,18.3,871,12:06
307,Brian Holzinger\holzibr01,27,TOT,C,73,10,20,30,-3,51,2.2,7,1,2,2,18,2,0,104,9.6,1090,14:56
308,Marian Hossa*\hossama01,21,OTT,LW,78,29,27,56,5,32,7.0,24,5,0,4,16,11,0,240,12.1,1341,17:12
309,Doug Houda\houdado01,33,BUF,D,1,0,0,0,0,12,0.0,0,0,0,0,0,0,0,0,,9,9:10
310,Bill Houlder\houldbi01,32,TOT,D,71,3,14,17,-9,26,3.3,1,2,0,1,12,1,1,89,3.4,1589,22:23
311,Phil Housley*\houslph01,35,CGY,D,78,11,44,55,-12,24,7.6,6,5,0,2,14,30,0,176,6.3,1832,23:29
312,Jan Hrdina\hrdinja01,23,PIT,C,70,13,33,46,13,43,4.0,10,3,0,1,26,6,1,84,15.5,1315,18:47
313,Tony Hrkac\hrkacto01,33,TOT,C,67,4,9,13,-3,8,0.6,3,1,0,0,8,1,0,39,10.3,624,9:19
314,Bill Huard\huardbi01,32,LAK,LW,1,0,0,0,0,2,0.0,0,0,0,0,0,0,0,0,,2,2:14
315,Joe Hulbig\hulbijo01,26,BOS,LW,24,2,2,4,-8,8,0.0,2,0,0,0,2,0,0,15,13.3,199,8:18
316,Brett Hull*\hullbr01,35,DAL,RW,79,24,35,59,-21,43,5.6,13,11,0,3,19,16,0,223,10.8,1470,18:37
317,Jody Hull\hulljo01,30,PHI,RW,67,10,3,13,8,4,1.6,8,0,2,2,3,0,0,63,15.9,802,11:58
318,Cale Hulse\hulseca01,26,CGY,D,47,1,6,7,-11,47,0.5,1,0,0,0,6,0,0,41,2.4,594,12:38
319,Mike Hurlbut\hurlbmi01,33,BUF,D,1,0,0,0,1,2,0.1,0,0,0,0,0,0,0,1,0.0,12,12:25
320,Jamie Huscroft\huscrja01,33,WSH,D,7,0,0,0,-5,11,-0.3,0,0,0,0,0,0,0,4,0.0,74,10:37
321,Jarome Iginla*\iginlja01,22,CGY,RW,77,29,34,63,0,26,7.0,17,12,0,4,23,11,0,256,11.3,1417,18:24
322,Brad Isbister\isbisbr01,22,NYI,LW,64,22,20,42,-18,100,4.2,13,9,0,1,12,8,0,135,16.3,1086,16:58
323,Ric Jackman\jackmri01,21,DAL,D,22,1,2,3,-1,6,0.6,0,1,0,0,2,0,0,16,6.3,178,8:06
324,Jaromir Jagr\jagrja01,27,PIT,RW,63,42,54,96,25,50,12.2,32,10,0,5,35,19,0,290,14.5,1462,23:12
325,John Jakopin\jakopjo01,24,FLA,D,17,0,0,0,-2,26,0.0,0,0,0,0,0,0,0,1,0.0,203,11:58
326,Mark Janssens\janssma01,31,CHI,C,36,0,6,6,-2,73,0.1,0,0,0,0,6,0,0,14,0.0,259,7:12
327,Andreas Johansson\johanan01,26,TOT,LW,40,5,10,15,-2,22,1.1,4,1,0,0,8,2,0,58,8.6,509,12:44
328,Calle Johansson\johanca01,32,WSH,D,82,7,25,32,13,24,7.0,6,1,0,3,16,7,2,138,5.1,1961,23:55
329,Craig Johnson\johnscr01,27,LAK,LW,76,9,14,23,-10,28,0.9,8,1,0,1,13,1,0,106,8.5,1059,13:56
330,Greg Johnson\johnsgr02,28,NSH,C,82,11,33,44,-15,40,2.8,9,2,0,1,30,3,0,133,8.3,1576,19:13
331,Matt Johnson\johnsma03,24,ATL,LW,64,2,5,7,-11,144,-0.3,2,0,0,0,5,0,0,54,3.7,539,8:25
332,Mike Johnson\johnsmi01,25,TOT,RW,80,21,26,47,6,27,4.8,14,6,1,3,21,5,0,132,15.9,1375,17:11
333,Ryan Johnson\johnsry01,23,TOT,C,80,4,14,18,-8,16,0.3,4,0,0,0,13,1,0,49,8.2,932,11:39
334,Kim Johnsson\johnski01,23,NYR,D,76,6,15,21,-13,46,3.4,5,1,0,1,10,5,0,101,5.9,1376,18:06
335,Olli Jokinen\jokinol01,21,NYI,C,82,11,10,21,0,80,1.1,8,1,2,3,9,1,0,138,8.0,1332,16:15
336,Keith Jones\joneske01,31,PHI,RW,57,9,16,25,8,82,2.8,8,1,0,0,15,1,0,92,9.8,778,13:38
337,Hans Jonsson\jonssha01,26,PIT,D,68,3,11,14,-5,12,2.3,2,0,1,1,7,3,1,49,6.1,1263,18:34
338,Jorgen Jonsson\jonssjo01,27,TOT,LW,81,12,19,31,-8,16,2.0,9,1,2,1,17,1,1,116,10.3,1263,15:35
339,Kenny Jonsson\jonsske01,25,NYI,D,65,1,24,25,-15,32,3.1,0,1,0,0,13,11,0,84,1.2,1592,24:29
340,Chris Joseph\josepch01,30,TOT,D,47,2,9,11,-9,6,1.2,1,1,0,0,7,2,0,86,2.3,775,16:29
341,Ed Jovanovski\jovaned01,23,VAN,D,75,5,21,26,-3,54,4.3,4,1,0,1,16,1,4,109,4.6,1803,24:03
342,Joe Juneau\juneajo01,32,OTT,C,65,13,24,37,3,22,3.4,11,2,0,2,18,6,0,126,10.3,1200,18:28
343,Frantisek Kaberle\kaberfr01,26,TOT,D,51,1,15,16,-10,10,1.8,0,0,1,0,5,10,0,76,1.3,977,19:09
344,Tomas Kaberle\kaberto01,21,TOR,D,82,7,33,40,3,24,6.4,5,2,0,0,19,13,1,82,8.5,1879,22:55
345,Dmitri Kalinin\kalindm01,19,BUF,D,4,0,0,0,0,4,0.1,0,0,0,0,0,0,0,3,0.0,68,16:53
346,Valeri Kamensky\kamenva01,33,NYR,LW,58,13,19,32,-13,24,2.7,10,3,0,1,15,4,0,88,14.8,868,14:57
347,Sami Kapanen\kapansa01,26,CAR,RW,76,24,24,48,10,12,5.7,17,7,0,5,15,9,0,229,10.5,1512,19:53
348,Jere Karalahti\karalje01,24,LAK,D,48,6,10,16,3,18,3.0,2,4,0,1,7,2,1,69,8.7,820,17:05
349,Paul Kariya*\kariypa01,25,MDA,LW,74,42,44,86,22,24,11.0,28,11,3,3,24,20,0,324,13.0,1803,24:22
350,Steve Kariya\kariyst01,22,VAN,LW,45,8,11,19,9,22,2.1,8,0,0,0,9,2,0,41,19.5,569,12:38
351,Andreas Karlsson\karlsan01,24,ATL,C,51,5,9,14,-17,14,0.3,4,1,0,0,7,1,1,74,6.8,663,13:00
352,Dave Karpa\karpada01,28,CAR,D,27,1,4,5,9,52,2.0,1,0,0,0,4,0,0,24,4.2,469,17:21
353,Alexander Karpovtsev\karpoal01,29,TOR,D,69,3,14,17,9,54,3.7,0,3,0,0,5,9,0,51,5.9,1396,20:14
354,Darius Kasparaitis\kaspada01,27,PIT,D,73,3,12,15,-12,146,1.9,2,1,0,1,10,1,1,76,3.9,1322,18:07
355,Mike Keane\keanemi01,32,DAL,RW,81,13,21,34,9,41,3.4,9,0,4,3,21,0,0,85,15.3,1310,16:10
356,Dan Keczmer\keczmda01,31,NSH,D,24,0,5,5,-2,28,0.9,0,0,0,0,5,0,0,21,0.0,430,17:56
357,Steve Kelly\kellyst01,23,NJD,C,1,0,0,0,0,0,0.0,0,0,0,0,0,0,0,0,,4,4:28
358,Chris Kenady\kenadch01,26,NYR,RW,2,0,0,0,-1,0,-0.1,0,0,0,0,0,0,0,1,0.0,15,7:27
359,Dan Kesa\kesada01,28,TBL,C,50,4,10,14,-11,21,0.3,3,0,1,1,8,0,2,55,7.3,678,13:34
360,Dmitri Khristich\khrisdm01,30,TOR,LW,53,12,18,30,8,24,3.1,9,3,0,0,13,5,0,79,15.2,857,16:10
361,Chad Kilger\kilgech01,23,EDM,C,40,3,2,5,-6,18,0.0,3,0,0,0,2,0,0,32,9.4,342,8:33
362,Derek King\kingde01,32,TOT,LW,22,2,7,9,-2,8,0.6,1,1,0,0,5,2,0,33,6.1,276,12:34
363,Kris King\kingkr01,33,TOR,LW,39,2,4,6,4,55,0.4,2,0,0,0,4,0,0,24,8.3,332,8:31
364,Geordie Kinnear\kinnege01,26,ATL,D,4,0,0,0,-1,13,0.0,0,0,0,0,0,0,0,2,0.0,74,18:27
365,Patric Kjellberg\kjellpa01,30,NSH,LW,82,23,23,46,-11,14,4.5,14,9,0,3,21,2,0,129,17.8,1492,18:12
366,Trent Klatt\klatttr01,29,VAN,RW,47,10,10,20,-8,26,1.5,2,8,0,0,8,2,0,100,10.0,755,16:04
367,Ken Klee\kleeke01,28,WSH,D,80,7,13,20,8,79,5.1,7,0,0,2,10,2,1,113,6.2,1638,20:29
368,Jon Klemm\klemmjo01,30,COL,D,73,5,7,12,26,34,5.2,5,0,0,0,7,0,0,64,7.8,1267,17:22
369,Mike Knuble\knublmi01,27,TOT,RW,73,12,8,20,-7,26,1.6,10,2,0,2,7,1,0,78,15.4,901,12:20
370,Ladislav Kohn\kohnla01,24,MDA,RW,77,5,16,21,-17,27,0.4,4,1,0,1,15,1,0,123,4.1,932,12:06
371,Saku Koivu\koivusa01,25,MTL,C,24,3,18,21,7,14,2.2,2,1,0,0,11,6,1,53,5.7,461,19:13
372,Zenith Komarniski\komarze01,21,VAN,D,18,1,1,2,-1,8,0.5,1,0,0,0,1,0,0,21,4.8,291,16:11
373,Steve Konowalchuk\konowst01,27,WSH,LW,82,16,27,43,19,80,4.4,13,3,0,1,24,3,0,146,11.0,1444,17:36
374,Evgeny Korolev\korolev01,21,NYI,D,17,1,2,3,-10,8,-0.1,1,0,0,0,1,1,0,7,14.3,275,16:12
375,Igor Korolev\korolig01,29,TOR,RW,80,20,26,46,12,22,4.7,12,5,3,4,18,6,2,101,19.8,1435,17:56
376,Alexander Korolyuk\korolal01,24,SJS,LW,57,14,21,35,4,35,3.9,11,3,0,1,15,6,0,124,11.3,776,13:36
377,Andrei Kovalenko\kovalan01,29,CAR,RW,76,15,24,39,-13,38,3.4,13,2,0,3,18,6,0,114,13.2,1138,14:59
378,Alex Kovalev\kovalal01,26,PIT,RW,82,26,40,66,-3,94,5.7,15,9,2,4,20,17,3,254,10.2,1876,22:53
379,Viktor Kozlov\kozlovi01,24,FLA,C,80,17,53,70,24,16,7.2,11,6,0,2,38,15,0,223,7.6,1556,19:27
380,Vyacheslav Kozlov\kozlovy01,27,DET,LW,72,18,18,36,11,28,3.9,14,4,0,3,14,4,0,165,10.9,1116,15:30
381,Igor Kravchuk\kravcig01,33,OTT,D,64,6,12,18,-5,20,3.6,1,5,0,1,4,7,1,126,4.8,1324,20:41
382,Sergei Krivokrasov\krivose01,25,TOT,RW,75,10,27,37,-5,44,3.2,7,3,0,2,15,12,0,159,6.3,988,13:11
383,Jason Krog\krogja01,24,NYI,C,17,2,4,6,-1,6,0.5,1,1,0,0,2,2,0,22,9.1,171,10:03
384,Robert Kron\kronro01,32,CAR,LW,81,13,27,40,-4,8,3.6,10,2,1,3,23,4,0,134,9.7,1233,15:14
385,Paul Kruse\krusepa01,29,BUF,LW,11,0,0,0,-2,43,-0.2,0,0,0,0,0,0,0,7,0.0,69,6:15
386,Filip Kuba\kubafi01,23,FLA,D,13,1,5,6,-3,2,0.7,0,1,0,1,2,3,0,16,6.3,180,13:52
387,Pavel Kubina\kubinpa01,22,TBL,D,69,8,18,26,-19,93,3.4,2,6,0,3,9,9,0,128,6.3,1555,22:32
388,Oleg Kvasha\kvashol01,21,FLA,RW,78,5,20,25,3,34,1.6,3,2,0,0,18,2,0,110,4.5,890,11:24
389,Antti Laaksonen\laaksan01,26,BOS,LW,27,6,3,9,3,2,1.4,6,0,0,1,3,0,0,23,26.1,212,7:50
390,Scott Lachance\lachasc01,27,MTL,D,57,0,6,6,-4,22,2.0,0,0,0,0,6,0,0,41,0.0,1013,17:47
391,Dan LaCouture\lacouda01,22,EDM,LW,5,0,0,0,0,10,-0.1,0,0,0,0,0,0,0,2,0.0,35,7:02
392,Daniel Lacroix\lacroda01,30,NYI,C,1,0,0,0,-1,0,-0.1,0,0,0,0,0,0,0,0,,11,10:40
393,Eric Lacroix\lacroer01,28,NYR,LW,70,4,8,12,-12,24,0.0,4,0,0,1,8,0,0,46,8.7,702,10:02
394,Christian Laflamme\laflach01,23,TOT,D,65,0,7,7,-9,40,1.1,0,0,0,0,7,0,0,24,0.0,902,13:52
395,Denny Lambert\lambede01,30,ATL,LW,73,5,6,11,-17,219,-0.3,3,2,0,0,5,1,0,83,6.0,850,11:39
396,Robert Lang\langro01,29,PIT,C,78,23,42,65,-9,14,5.7,10,13,0,5,29,13,0,142,16.2,1510,19:22
397,Darren Langdon\langdda01,29,NYR,LW,21,0,1,1,-2,26,-0.2,0,0,0,0,1,0,0,13,0.0,118,5:36
398,Jamie Langenbrunner\langeja01,24,DAL,RW,65,18,21,39,16,68,4.9,12,4,2,6,16,5,0,153,11.8,1141,17:33
399,Daymond Langkow\langkda01,23,PHI,C,82,18,32,50,1,56,5.2,13,5,0,7,18,13,1,222,8.1,1390,16:57
400,Jeff Lank\lankje01,24,PHI,D,2,0,0,0,0,2,0.0,0,0,0,0,0,0,0,0,,26,13:06
401,Ian Laperriere\laperia01,26,LAK,C,79,9,13,22,-14,185,0.7,9,0,0,1,12,0,1,87,10.3,1047,13:15
402,Darryl Laplante\laplada01,22,DET,C,30,0,6,6,-2,10,0.0,0,0,0,0,6,0,0,19,0.0,287,9:35
403,Claude Lapointe\lapoicl01,31,NYI,C,76,15,16,31,-22,60,1.4,12,2,1,3,11,5,0,129,11.6,1493,19:39
404,Martin Lapointe\lapoima01,26,DET,RW,82,16,25,41,17,121,4.3,14,1,1,2,17,8,0,127,12.6,1207,14:43
405,Georges Laraque\laraqge01,23,EDM,RW,76,8,8,16,5,123,1.6,8,0,0,0,8,0,0,56,14.3,644,8:28
406,Igor Larionov*\larioig01,39,DET,C,79,9,38,47,13,28,3.9,6,3,0,4,26,12,0,69,13.0,1270,16:05
407,Janne Laukkanen\laukkja01,29,TOT,D,71,2,18,20,17,67,5.0,1,1,0,0,14,3,1,81,2.5,1373,19:20
408,Paul Laus\lauspa01,29,FLA,D,77,3,8,11,-1,172,1.9,3,0,0,0,7,1,0,44,6.8,586,7:37
409,Mark Lawrence\lawrema01,28,NYI,RW,29,1,5,6,-13,26,-0.5,1,0,0,0,1,4,0,33,3.0,405,13:57
410,Stephen Leach\leachst01,34,PIT,RW,56,2,3,5,-11,24,-0.4,2,0,0,1,3,0,0,41,4.9,372,6:39
411,Vincent Lecavalier\lecavvi01,19,TBL,C,80,25,42,67,-25,43,5.9,19,6,0,3,20,22,0,166,15.1,1544,19:18
412,John LeClair\leclajo01,30,PHI,LW,82,40,37,77,8,36,10.2,27,13,0,7,26,11,0,249,16.1,1664,20:18
413,Mike Leclerc\leclemi01,23,MDA,LW,69,8,11,19,-15,70,0.8,8,0,0,2,10,1,0,105,7.6,837,12:08
414,Grant Ledyard\ledyagr01,38,OTT,D,40,2,4,6,-3,8,1.2,2,0,0,1,4,0,0,42,4.8,590,14:45
415,Brad Leeb\leebbr01,20,VAN,RW,2,0,0,0,-2,2,-0.1,0,0,0,0,0,0,0,3,0.0,24,12:07
416,Brian Leetch*\leetcbr01,31,NYR,D,50,7,19,26,-16,20,3.8,4,3,0,2,11,8,0,124,5.6,1347,26:57
417,Sylvain Lefebvre\lefebsy01,32,NYR,D,82,2,10,12,-13,43,2.3,2,0,0,0,8,1,1,67,3.0,1525,18:36
418,David Legwand\legwada01,19,NSH,C,71,13,15,28,-6,30,2.5,9,4,0,2,12,3,0,111,11.7,1045,14:43
419,Jere Lehtinen\lehtije01,26,DAL,LW,17,3,5,8,1,0,0.8,3,0,0,1,5,0,0,29,10.3,298,17:31
420,Claude Lemieux\lemiecl01,34,TOT,RW,83,20,27,47,-3,90,4.2,13,7,0,3,19,6,2,257,7.8,1497,18:02
421,Jean-Yves Leroux\lerouje01,23,CHI,LW,54,3,5,8,-10,43,-0.3,3,0,0,1,5,0,0,36,8.3,579,10:44
422,Curtis Leschyshyn\leschcu01,30,CAR,D,53,0,2,2,-19,14,0.1,0,0,0,0,2,0,0,31,0.0,943,17:47
423,Alan Letang\letanal01,24,DAL,D,8,0,0,0,-5,2,-0.3,0,0,0,0,0,0,0,1,0.0,80,9:57
424,Trevor Letowski\letowtr01,22,PHX,C,82,19,20,39,2,20,3.7,12,3,4,3,16,1,3,125,15.2,1316,16:03
425,Nicklas Lidstrom*\lidstni01,29,DET,D,81,20,53,73,19,18,13.0,7,9,4,3,30,22,1,218,9.2,2328,28:45
426,Juha Lind\lindju01,26,TOT,LW,47,4,6,10,-3,10,0.7,4,0,0,0,6,0,0,42,9.5,493,10:29
427,Trevor Linden\lindetr01,29,MTL,C,50,13,17,30,-3,34,3.2,9,4,0,3,12,5,0,87,14.9,892,17:51
428,Mats Lindgren\lindgma01,25,NYI,C,43,9,7,16,0,24,1.2,8,1,0,1,6,1,0,68,13.2,829,19:17
429,Eric Lindros*\lindrer01,26,PHI,C,55,27,32,59,11,83,7.7,16,10,1,2,21,11,0,187,14.4,1212,22:02
430,Bill Lindsay\lindsbi01,28,CGY,LW,80,8,12,20,-7,86,0.8,8,0,0,2,9,1,2,147,5.4,1034,12:55
431,Richard Lintner\lintnri01,22,NSH,D,33,1,5,6,-6,22,0.9,1,0,0,0,3,2,0,58,1.7,490,14:51
432,Dave Lowry\lowryda01,34,SJS,LW,32,1,4,5,1,18,0.2,1,0,0,0,4,0,0,25,4.0,294,9:11
433,Warren Luhning\luhniwa01,24,DAL,RW,10,0,1,1,-2,13,-0.1,0,0,0,0,1,0,0,7,0.0,103,10:21
434,Brad Lukowich\lukowbr01,23,DAL,D,60,3,1,4,-14,50,0.8,3,0,0,1,1,0,0,33,9.1,704,11:44
435,Jyrki Lumme\lummejy01,33,PHX,D,74,8,32,40,9,44,7.1,4,4,0,3,17,12,3,142,5.6,1746,23:36
436,Roman Lyashenko\lyashro01,20,DAL,C,58,6,6,12,-2,10,0.9,6,0,0,1,6,0,0,51,11.8,634,10:56
437,Al MacInnis*\macinal01,36,STL,D,61,11,28,39,20,34,8.7,5,6,0,7,14,13,1,245,4.5,1593,26:07
438,John MacLean\maclejo01,35,NYR,RW,77,18,24,42,-2,52,4.2,10,6,2,3,23,1,0,158,11.4,1134,14:44
439,John Madden\maddejo01,26,NJD,LW,74,16,9,25,7,6,3.0,10,0,6,3,9,0,0,115,13.9,863,11:40
440,Adam Mair\mairad01,20,TOR,C,8,1,0,1,-1,6,0.0,1,0,0,0,0,0,0,7,14.3,92,11:33
441,Vladimir Malakhov\malakvl01,31,TOT,D,24,1,4,5,1,23,1.3,0,1,0,1,3,1,0,18,5.6,494,20:36
442,Stewart Malgunas\malgust01,29,CGY,D,4,0,1,1,1,2,0.2,0,0,0,0,1,0,0,0,,52,12:57
443,Manny Malhotra\malhoma01,19,NYR,C,27,0,0,0,-6,4,-0.5,0,0,0,0,0,0,0,18,0.0,181,6:42
444,Marek Malik\malikma01,24,CAR,D,57,4,10,14,13,63,4.4,4,0,0,1,9,1,0,57,7.0,1026,18:00
445,Kirk Maltby\maltbki01,27,DET,RW,41,6,8,14,1,24,1.1,4,0,2,1,8,0,0,71,8.5,554,13:30
446,Kent Manderville\mandeke01,28,TOT,C,69,1,7,8,-6,16,-0.2,1,0,0,1,7,0,0,62,1.6,617,8:57
447,Mike Maneluk\manelmi01,26,PHI,RW,1,0,0,0,0,4,0.0,0,0,0,0,0,0,0,2,0.0,8,7:34
448,Cameron Mann\mannca01,22,BOS,RW,32,8,4,12,-6,13,1.2,7,1,0,0,4,0,0,48,16.7,411,12:50
449,Dave Manson\mansoda01,33,TOT,D,63,1,9,10,12,62,3.1,1,0,0,0,5,4,0,66,1.5,992,15:45
450,Paul Mara\marapa01,20,TBL,D,54,7,11,18,-27,73,1.5,3,4,0,1,7,4,0,78,9.0,1200,22:13
451,Todd Marchant\marchto01,26,EDM,C,82,17,23,40,7,70,3.8,16,0,1,0,16,5,2,170,10.0,1405,17:08
452,Bryan Marchment\marchbr02,30,SJS,D,49,0,4,4,3,72,1.6,0,0,0,0,3,1,0,51,0.0,927,18:55
453,Josef Marha\marhajo01,23,CHI,C,81,10,12,22,-10,18,1.0,7,2,1,3,11,1,0,91,11.0,1080,13:20
454,Danny Markov\markoda01,23,TOR,D,59,0,10,10,13,28,2.8,0,0,0,0,7,2,1,38,0.0,1188,20:08
455,Patrick Marleau\marlepa01,20,SJS,C,81,17,23,40,-9,36,3.6,14,3,0,3,16,7,0,161,10.6,1149,14:11
456,Grant Marshall\marshgr01,26,DAL,RW,45,2,6,8,-5,38,0.1,1,1,0,0,4,2,0,43,4.7,509,11:19
457,Jason Marshall\marshja02,28,MDA,D,55,0,3,3,-10,88,0.5,0,0,0,0,3,0,0,41,0.0,910,16:33
458,Steve Martins\martist02,27,TOT,C,59,6,7,13,-12,37,0.1,5,0,1,1,5,0,2,65,9.2,789,13:22
459,Marquis Mathieu\mathima01,26,BOS,C,6,0,2,2,-2,4,0.1,0,0,0,0,2,0,0,3,0.0,36,6:04
460,Christian Matte\mattech01,25,COL,RW,5,0,1,1,-2,4,0.0,0,0,0,0,0,1,0,1,0.0,43,8:37
461,Stephane Matteau\mattest01,30,SJS,RW,69,12,12,24,-3,61,2.2,12,0,0,3,12,0,0,73,16.4,818,11:52
462,Richard Matvichuk\matviri01,26,DAL,D,70,4,21,25,7,42,6.4,4,0,0,1,14,6,1,73,5.5,1712,24:27
463,Brad May\maybr01,28,VAN,LW,59,9,7,16,-2,90,1.4,9,0,0,3,7,0,0,66,13.6,613,10:24
464,Jamal Mayers\mayerja01,25,STL,RW,79,7,10,17,0,90,1.2,7,0,0,0,10,0,0,99,7.1,771,9:46
465,Chris McAllister\mcallch01,24,TOR,D,36,0,3,3,-4,68,0.3,0,0,0,0,3,0,0,12,0.0,433,12:02
466,Chris McAlpine\mcalpch01,28,TOT,D,34,2,2,4,-8,26,0.5,2,0,0,0,2,0,0,34,5.9,488,14:22
467,Dean McAmmond\mcammde01,26,CHI,LW,76,14,18,32,11,72,2.9,13,1,0,1,16,1,1,118,11.9,1248,16:25
468,Bryan McCabe\mccabbr01,24,CHI,D,79,6,19,25,-8,139,3.8,4,2,0,2,13,6,0,119,5.0,1848,23:23
469,Sandy McCarthy\mccarsa01,27,TOT,RW,71,6,5,11,-3,120,0.7,5,1,0,0,3,2,0,80,7.5,702,9:53
470,Steve McCarthy\mccarst01,18,CHI,D,5,1,1,2,0,4,0.4,0,1,0,0,0,1,0,4,25.0,76,15:09
471,Darren McCarty\mccarda02,27,DET,RW,24,6,6,12,1,48,1.3,6,0,0,1,6,0,0,40,15.0,328,13:40
472,Alyn McCauley\mccaual01,22,TOR,C,45,5,5,10,-6,10,0.4,4,1,0,0,5,0,0,41,12.2,485,10:46
473,Trent McCleary\mccletr01,27,MTL,C,12,1,0,1,2,4,0.2,1,0,0,0,0,0,0,4,25.0,75,6:14
474,Shawn McEachern\mceacsh01,30,OTT,LW,69,29,22,51,2,24,6.5,19,10,0,4,16,6,0,219,13.2,1231,17:50
475,Dan McGillis\mcgilda01,27,PHI,D,68,4,14,18,16,55,5.5,1,3,0,1,8,5,1,128,3.1,1365,20:04
476,Marty McInnis\mcinnma01,29,MDA,RW,62,10,18,28,-4,26,1.8,7,2,1,2,9,8,1,129,7.8,1182,19:04
477,Randy McKay\mckayra02,33,NJD,RW,67,16,23,39,8,80,4.1,13,3,0,4,19,4,0,116,13.8,1048,15:39
478,Jay McKee\mckeeja01,22,BUF,D,78,5,12,17,5,50,4.4,4,1,0,1,11,0,1,84,6.0,1635,20:58
479,Steve McKenna\mckenst01,26,LAK,LW,46,0,5,5,3,125,0.2,0,0,0,0,5,0,0,14,0.0,225,4:53
480,Jim McKenzie\mckenji02,30,TOT,LW,61,4,5,9,-5,64,0.3,4,0,0,0,5,0,0,32,12.5,514,8:26
481,Kyle McLaren\mclarky01,22,BOS,D,71,8,11,19,-4,67,4.5,6,2,0,3,10,1,0,142,5.6,1654,23:18
482,Marty McSorley\mcsorma01,36,BOS,D,27,2,3,5,2,62,1.4,2,0,0,0,2,1,0,24,8.3,379,14:01
483,Scott Mellanby\mellasc01,33,FLA,RW,77,18,28,46,14,126,5.1,12,6,0,2,24,4,0,134,13.4,1144,14:51
484,Eric Messier\messier01,26,COL,D,61,3,6,9,0,24,1.9,2,1,0,0,6,0,0,28,10.7,637,10:27
485,Mark Messier*\messima01,39,VAN,C,66,17,37,54,-15,30,4.3,11,6,0,4,23,13,1,131,13.0,1399,21:12
486,Glen Metropolit\metrogl01,25,WSH,C,30,6,13,19,5,4,2.1,5,1,0,1,10,3,0,57,10.5,398,13:17
487,Petr Mika\mikape01,20,NYI,C,3,0,0,0,-1,0,-0.1,0,0,0,0,0,0,0,1,0.0,14,4:30
488,Craig Millar\millacr01,23,NSH,D,57,3,11,14,-6,28,2.5,3,0,0,1,9,2,0,50,6.0,962,16:53
489,Aaron Miller\milleaa01,28,COL,D,53,1,7,8,3,36,2.3,1,0,0,0,7,0,0,44,2.3,1012,19:05
490,Kevin Miller\milleke02,34,OTT,RW,9,3,2,5,1,2,0.8,2,1,0,2,2,0,0,11,27.3,74,8:10
491,Kip Miller\milleki01,30,TOT,C,74,10,32,42,0,14,3.4,8,2,0,2,25,7,0,82,12.2,1041,14:04
492,Boris Mironov\mironbo01,27,CHI,D,58,9,28,37,-3,72,5.5,3,4,2,1,17,11,0,144,6.3,1443,24:53
493,Dmitri Mironov\mirondm01,34,WSH,D,73,3,19,22,7,28,4.6,2,1,0,0,10,9,0,99,3.0,1487,20:22
494,Willie Mitchell\mitchwi01,22,NJD,D,2,0,0,0,1,0,0.1,0,0,0,0,0,0,0,2,0.0,32,16:04
495,Mike Modano*\modanmi01,29,DAL,C,77,38,43,81,0,48,9.7,26,11,1,8,23,16,4,188,20.2,1764,22:55
496,Fredrik Modin\modinfr01,25,TBL,LW,80,22,26,48,-26,18,4.1,19,3,0,5,17,9,0,167,13.2,1243,15:32
497,Jaroslav Modry\modryja01,28,LAK,D,26,5,4,9,-2,18,1.6,0,5,0,1,3,1,0,32,15.6,500,19:13
498,Alexander Mogilny\mogilal01,30,TOT,RW,59,24,20,44,3,20,5.2,18,5,1,1,17,3,0,161,14.9,1125,19:04
499,Barrie Moore\mooreba01,24,WSH,LW,1,0,0,0,0,0,0.0,0,0,0,0,0,0,0,2,0.0,10,9:50
500,Ian Moran\morania01,27,PIT,D,73,4,8,12,-10,28,1.5,4,0,0,0,8,0,0,58,6.9,829,11:21
501,David Moravec\moravda01,26,BUF,RW,1,0,0,0,-1,0,-0.1,0,0,0,0,0,0,0,2,0.0,15,15:15
502,Ethan Moreau\moreaet01,24,EDM,LW,73,17,10,27,8,62,3.0,16,1,0,3,9,0,1,106,16.0,1103,15:07
503,Dave Morissette\morisda01,28,MTL,LW,1,0,0,0,0,5,0.0,0,0,0,0,0,0,0,0,,4,3:50
504,Marc Moro\moroma01,22,NSH,D,8,0,0,0,-3,40,-0.1,0,0,0,0,0,0,0,3,0.0,87,10:55
505,Aleksey Morozov\morozal01,22,PIT,RW,68,12,19,31,12,14,3.1,11,0,1,0,18,1,0,101,11.9,942,13:51
506,Derek Morris\morride01,21,CGY,D,78,9,29,38,2,80,6.9,6,3,0,2,18,11,0,193,4.7,1938,24:51
507,Brendan Morrison\morribr01,24,TOT,C,56,7,28,35,12,18,3.2,5,2,0,1,19,9,0,96,7.3,887,15:50
508,Brenden Morrow\morrobr01,21,DAL,LW,64,14,19,33,8,81,3.7,11,3,0,3,14,5,0,113,12.4,1014,15:51
509,Mark Mowers\mowerma01,25,NSH,RW,41,4,5,9,0,10,0.7,4,0,0,0,5,0,0,50,8.0,449,10:58
510,Bill Muckalt\muckabi01,25,TOT,RW,45,8,11,19,11,21,2.1,7,1,0,1,10,1,0,79,10.1,629,13:59
511,Bryan Muir\muirbr01,26,TOT,D,41,3,4,7,-9,45,1.0,2,0,1,0,2,2,0,51,5.9,781,19:03
512,Kirk Muller\mulleki01,33,DAL,C,47,7,15,22,-3,24,1.8,4,3,0,2,9,5,1,57,12.3,770,16:24
513,Gord Murphy\murphgo01,32,ATL,D,58,1,10,11,-26,38,0.9,1,0,0,0,6,3,1,74,1.4,1315,22:41
514,Joe Murphy\murphjo01,32,TOT,RW,55,12,15,27,1,94,2.8,8,4,0,2,12,3,0,118,10.2,815,14:49
515,Larry Murphy*\murphla01,38,DET,D,81,10,30,40,4,45,6.9,3,7,0,0,21,9,0,146,6.8,1769,21:50
516,Chris Murray\murrach01,25,DAL,RW,32,2,1,3,-7,62,0.0,2,0,0,0,1,0,0,25,8.0,170,5:19
517,Glen Murray\murragl01,27,LAK,RW,78,29,33,62,13,60,7.1,18,10,1,2,25,8,0,202,14.4,1443,18:30
518,Rem Murray\murrare01,27,EDM,C,44,9,5,14,-2,8,1.2,7,2,0,3,4,1,0,65,13.8,628,14:16
519,Brantt Myhres\myhrebr01,25,SJS,RW,13,0,1,1,0,97,0.0,0,0,0,0,1,0,0,2,0.0,40,3:03
520,Dmitri Nabokov\nabokdm01,23,NYI,LW,26,4,7,11,-8,16,0.7,4,0,0,0,5,2,0,40,10.0,352,13:33
521,Ladislav Nagy\nagyla01,20,STL,RW,11,2,4,6,2,2,0.7,1,1,0,0,3,1,0,15,13.3,136,12:19
522,Evgeny Namestnikov\namesjo01,28,NSH,D,2,0,0,0,0,2,0.0,0,0,0,0,0,0,0,3,0.0,32,15:48
523,Tyson Nash\nashty01,24,STL,LW,66,4,9,13,6,150,1.1,3,0,1,1,8,1,0,68,5.9,567,8:35
524,Markus Naslund\nasluma02,26,VAN,LW,82,27,38,65,-5,64,6.4,19,6,2,3,18,19,1,271,10.0,1657,20:13
525,Andrei Nazarov\nazaran01,25,CGY,RW,76,10,22,32,3,78,2.9,9,1,0,1,20,2,0,110,9.1,892,11:44
526,Rumun Ndur\ndurru01,24,ATL,D,27,1,0,1,-17,71,-0.7,1,0,0,0,0,0,0,6,16.7,356,13:12
527,Stan Neckar\neckast01,24,PHX,D,66,2,8,10,1,36,2.1,2,0,0,0,8,0,0,34,5.9,954,14:27
528,Petr Nedved\nedvepe01,28,NYR,C,76,24,44,68,2,40,7.0,16,6,2,4,28,15,1,201,11.9,1513,19:54
529,Sergei Nemchinov\nemchse01,36,NJD,C,53,10,16,26,1,18,2.5,9,0,1,1,13,2,1,55,18.2,726,13:42
530,Jan Nemecek\nemecja01,23,LAK,D,1,0,0,0,0,0,0.0,0,0,0,0,0,0,0,0,,10,9:36
531,Eric Nickulas\nickuer01,24,BOS,RW,20,5,6,11,-1,12,1.3,4,1,0,0,5,1,0,28,17.9,224,11:13
532,Rob Niedermayer\niedero01,25,FLA,C,81,10,23,33,-5,46,1.5,9,1,0,4,15,8,0,135,7.4,1545,19:04
533,Scott Niedermayer*\niedesc01,26,NJD,D,71,7,31,38,19,48,7.7,6,1,0,0,23,8,0,109,6.4,1729,24:21
534,Jeff Nielsen\nielsje01,28,MDA,RW,79,8,10,18,4,14,1.2,7,1,0,0,10,0,0,113,7.1,946,11:59
535,Ville Nieminen\niemivi01,22,COL,LW,1,0,0,0,0,0,0.0,0,0,0,0,0,0,0,2,0.0,10,10:12
536,Joe Nieuwendyk*\nieuwjo01,33,DAL,C,48,15,19,34,-1,26,3.9,8,7,0,2,12,7,0,110,13.6,780,16:15
537,Janne Niinimaa\niinija01,24,EDM,D,81,8,25,33,14,89,7.4,4,2,2,0,13,12,0,133,6.0,1982,24:28
538,Andrei Nikolishin\nikolan01,26,WSH,C,76,11,14,25,6,28,1.9,9,0,2,2,12,2,0,98,11.2,1195,15:44
539,Marcus Nilson\nilsoma01,21,FLA,RW,9,0,2,2,2,2,0.2,0,0,0,0,2,0,0,6,0.0,71,7:56
540,Owen Nolan\nolanow01,27,SJS,RW,78,44,40,84,-1,110,10.5,22,18,4,6,21,15,4,261,16.9,1647,21:07
541,Mattias Norstrom\norstma01,28,LAK,D,82,1,13,14,22,66,4.4,1,0,0,0,13,0,0,62,1.6,1789,21:49
542,Jeff Norton\nortoje01,34,SJS,D,62,0,20,20,-2,49,3.2,0,0,0,0,17,2,1,45,0.0,1212,19:32
543,Ivan Novoseltsev\novosiv01,21,FLA,RW,14,2,1,3,-3,8,0.1,0,2,0,0,1,0,0,8,25.0,147,10:29
544,Teppo Numminen\nummite01,31,PHX,D,79,8,34,42,21,16,8.4,6,2,0,2,20,11,3,126,6.3,1866,23:37
545,Michael Nylander\nylanmi01,27,TOT,RW,77,24,30,54,6,30,6.2,19,5,0,2,22,8,0,122,19.7,1214,15:46
546,Sean O'Donnell\odonnse01,28,LAK,D,80,2,12,14,4,114,2.8,2,0,0,1,10,1,1,51,3.9,1415,17:41
547,Jeff O'Neill\oneilje01,23,CAR,C,80,25,38,63,-9,72,6.5,21,4,0,7,23,15,0,189,13.2,1546,19:20
548,Chris O'Sullivan\osullch01,25,VAN,D,11,0,5,5,2,2,0.8,0,0,0,0,3,2,0,16,0.0,196,17:47
549,Adam Oates*\oatesad01,37,WSH,C,82,15,56,71,13,14,6.3,10,5,0,6,40,16,0,93,16.1,1832,22:20
550,Lyle Odelein\odelely01,31,TOT,D,73,2,22,24,-9,123,3.2,1,1,0,1,17,4,1,89,2.2,1300,17:48
551,Jeff Odgers\odgerje01,30,COL,RW,62,1,2,3,-7,162,-0.4,1,0,0,1,2,0,0,29,3.4,334,5:23
552,Gino Odjick\odjicgi01,29,TOT,LW,59,8,11,19,-5,100,1.5,8,0,0,4,10,1,0,115,7.0,678,11:29
553,Mattias Ohlund\ohlunma01,23,VAN,D,42,4,16,20,6,24,3.8,1,2,1,1,7,9,0,63,6.3,1163,27:41
554,Fredrik Olausson\olausfr01,33,MDA,D,70,15,19,34,-13,28,5.6,7,8,0,1,5,14,0,120,12.5,1401,20:01
555,Ed Olczyk\olczyed01,33,CHI,RW,33,2,2,4,-8,12,-0.2,2,0,0,0,2,0,0,33,6.1,307,9:18
556,David Oliver\oliveda01,28,PHX,RW,9,1,0,1,0,2,0.1,0,1,0,0,0,0,0,6,16.7,69,7:38
557,Krzysztof Oliwa\oliwakr01,26,NJD,RW,69,6,10,16,-2,184,1.4,5,1,0,2,10,0,0,61,9.8,466,6:45
558,Vladimir Orszagh\orszavl01,22,NYI,RW,11,2,1,3,1,4,0.3,2,0,0,0,1,0,0,16,12.5,131,11:55
559,Sandis Ozolinsh\ozolisa01,27,COL,D,82,16,36,52,17,46,10.4,10,6,0,1,19,17,0,210,7.6,1861,22:41
560,Ziggy Palffy\palffzi01,27,LAK,RW,64,27,39,66,18,32,7.9,23,4,0,3,22,17,0,186,14.5,1258,19:39
561,Jay Pandolfo\pandoja01,25,NJD,LW,71,7,8,15,0,4,0.6,7,0,0,0,8,0,0,86,8.1,953,13:25
562,Mark Parrish\parrima01,22,FLA,RW,81,26,18,44,1,39,5.3,20,6,0,3,15,3,0,152,17.1,1139,14:04
563,Pavel Patera\paterpa01,28,DAL,C,12,1,4,5,-1,4,0.3,1,0,0,0,4,0,0,18,5.6,169,14:04
564,James Patrick\patrija01,36,BUF,D,66,5,8,13,8,22,3.6,5,0,0,3,8,0,0,40,12.5,1055,15:59
565,Scott Pearson\pearssc01,30,NYI,LW,2,0,1,1,1,0,0.1,0,0,0,0,1,0,0,5,0.0,26,13:15
566,Michael Peca\pecami01,25,BUF,C,73,20,21,41,6,67,4.2,18,2,0,3,13,5,3,144,13.9,1456,19:57
567,Denis Pederson\pederde01,24,TOT,C,47,6,5,11,-6,18,0.6,6,0,0,1,4,0,1,56,10.7,527,11:13
568,Scott Pellerin\pellesc01,30,STL,LW,80,8,15,23,9,48,1.7,6,0,2,2,14,0,1,120,6.7,1183,14:47
569,Ville Peltonen\peltovi01,26,NSH,LW,79,6,22,28,-1,22,1.7,4,2,0,2,19,3,0,125,4.8,1159,14:41
570,Yanic Perreault\perreya01,28,TOR,C,58,18,27,45,3,22,5.1,13,5,0,4,17,10,0,114,15.8,887,15:18
571,Ricard Persson\perssri01,30,STL,D,41,0,8,8,-2,38,1.3,0,0,0,0,7,1,0,30,0.0,508,12:24
572,Oleg Petrov\petrool01,28,MTL,RW,44,2,24,26,10,8,2.4,1,1,0,0,18,6,0,96,2.1,697,15:51
573,Robert Petrovicky\petroro01,26,TBL,LW,43,7,10,17,2,14,1.8,6,1,0,0,8,2,0,50,14.0,434,10:05
574,Chris Phillips\phillch02,21,OTT,D,65,5,14,19,12,39,4.6,5,0,0,1,11,2,1,96,5.2,1094,16:50
575,Michel Picard\picarmi01,30,EDM,LW,2,0,0,0,0,2,0.0,0,0,0,0,0,0,0,2,0.0,20,9:56
576,Rich Pilon\pilonri01,31,TOT,D,54,0,6,6,-2,70,1.5,0,0,0,0,6,0,0,16,0.0,889,16:28
577,Lance Pitlick\pitlila01,32,FLA,D,62,3,5,8,7,44,2.6,3,0,0,1,5,0,0,26,11.5,1027,16:33
578,Domenic Pittis\pittido01,25,BUF,C,7,1,0,1,1,6,0.1,1,0,0,0,0,0,0,6,16.7,80,11:27
579,Derek Plante\plantde01,29,TOT,C,33,2,2,4,-5,4,0.0,1,1,0,0,2,0,0,31,6.5,294,8:55
580,Shjon Podein\podeish01,31,COL,LW,75,11,8,19,12,29,1.9,10,0,1,3,8,0,0,104,10.6,1014,13:31
581,Jason Podollan\podolja01,23,LAK,RW,1,0,1,1,0,2,0.1,0,0,0,0,0,1,0,2,0.0,16,16:13
582,Rudy Poeschek\poescru01,33,STL,D,12,0,0,0,-3,24,-0.1,0,0,0,0,0,0,0,8,0.0,135,11:15
583,Peter Popovic\popovpe01,31,PIT,D,54,1,5,6,-8,30,0.7,1,0,0,0,4,1,0,23,4.3,875,16:12
584,Marek Posmyk\posmyma01,21,TBL,D,18,1,2,3,1,20,0.7,1,0,0,0,2,0,0,22,4.5,237,13:12
585,Tom Poti\potito01,22,EDM,D,76,9,26,35,8,65,7.1,6,2,1,1,15,11,0,125,7.2,1836,24:10
586,Patrick Poulin\poulipa01,26,MTL,C,82,10,5,15,-15,17,0.7,9,0,1,2,4,0,1,82,12.2,1030,12:34
587,Nolan Pratt\prattno01,24,CAR,D,64,3,1,4,-22,90,0.8,3,0,0,1,1,0,0,47,6.4,1227,19:10
588,Keith Primeau\primeke02,28,PHI,C,23,7,10,17,10,31,2.3,6,1,0,1,9,0,1,51,13.7,406,17:38
589,Wayne Primeau\primewa01,23,TOT,C,58,7,10,17,-12,63,0.8,5,2,0,1,8,1,1,75,9.3,697,12:01
590,Bob Probert\probebo01,34,CHI,LW,69,4,11,15,10,114,1.0,4,0,0,0,11,0,0,38,10.5,722,10:28
591,Martin Prochazka\prochma01,27,ATL,RW,3,0,1,1,-1,0,0.0,0,0,0,0,1,0,0,5,0.0,50,16:37
592,Chris Pronger*\prongch01,25,STL,D,79,14,48,62,52,92,14.8,6,8,0,3,27,18,3,192,7.3,2389,30:14
593,Sean Pronger\prongse01,27,BOS,C,11,0,1,1,-4,13,-0.2,0,0,0,0,1,0,0,7,0.0,119,10:47
594,Vinny Prospal\prospva01,24,OTT,C,79,22,33,55,-2,40,5.9,17,5,0,4,20,12,1,204,10.8,1299,16:26
595,Joel Prpic\prpicjo01,25,BOS,C,14,0,3,3,-6,0,-0.1,0,0,0,0,3,0,0,13,0.0,95,6:47
596,Dale Purinton\purinda01,23,NYR,D,1,0,0,0,-1,7,-0.1,0,0,0,0,0,0,0,1,0.0,13,12:45
597,Jamie Pushor\pushoja01,26,DAL,D,62,0,8,8,0,53,2.0,0,0,0,0,8,0,0,27,0.0,719,11:36
598,Deron Quint\quintde01,23,TOT,D,54,4,7,11,-2,24,2.2,4,0,0,1,5,2,0,94,4.3,898,16:38
599,Stephane Quintal\quintst01,31,NYR,D,75,2,14,16,-10,77,2.8,2,0,0,1,10,3,1,102,2.0,1430,19:04
600,Karel Rachunek\rachuka01,20,OTT,D,6,0,0,0,0,2,0.1,0,0,0,0,0,0,0,3,0.0,48,8:03
601,Brian Rafalski\rafalbr01,26,NJD,D,75,5,27,32,21,28,6.8,4,1,0,1,21,6,0,128,3.9,1414,18:51
602,Marcus Ragnarsson\ragnama01,28,SJS,D,63,3,13,16,13,38,4.5,3,0,0,0,8,3,2,60,5.0,1440,22:52
603,Paul Ranheim\ranhepa01,34,CAR,LW,79,9,13,22,-14,6,1.4,9,0,0,2,11,2,0,98,9.2,894,11:19
604,Erik Rasmussen\rasmuer01,22,BUF,C,67,8,6,14,1,43,1.0,8,0,0,2,5,1,0,76,10.5,767,11:27
605,Mike Rathje\rathjmi01,25,SJS,D,66,2,14,16,-2,31,3.2,2,0,0,0,9,5,0,46,4.3,1464,22:11
606,Rob Ray\rayro01,31,BUF,LW,69,1,3,4,0,158,0.0,1,0,0,0,3,0,0,17,5.9,290,4:13
607,Marty Reasoner\reasoma01,22,STL,C,32,10,14,24,9,20,3.1,7,3,0,0,9,5,0,51,19.6,491,15:20
608,Mark Recchi*\recchma01,31,PHI,RW,82,28,63,91,20,50,10.7,20,7,1,5,30,32,1,223,12.6,1781,21:43
609,Wade Redden\reddewa01,22,OTT,D,81,10,26,36,-1,49,6.8,7,3,0,2,13,13,0,163,6.1,1921,23:43
610,Joe Reekie\reekijo01,34,WSH,D,59,0,7,7,21,50,3.4,0,0,0,0,7,0,0,32,0.0,1034,17:32
611,Robyn Regehr\regehro01,19,CGY,D,57,5,7,12,-2,46,2.6,3,2,0,0,6,1,0,64,7.8,1049,18:24
612,Dave Reid\reidda02,35,COL,LW,65,11,7,18,12,28,1.8,11,0,0,3,7,0,0,86,12.8,971,14:57
613,Steve Reinprecht\reinpst01,23,LAK,C,1,0,0,0,0,2,0.0,0,0,0,0,0,0,0,0,,6,6:01
614,Todd Reirden\reirdto01,28,STL,D,56,4,21,25,18,32,5.7,4,0,0,1,16,5,0,77,5.2,1025,18:18
615,Mikael Renberg\renbemi01,27,TOT,RW,72,10,25,35,-1,32,3.2,7,3,0,1,18,7,0,122,8.2,989,13:44
616,Pascal Rheaume\rheaupa01,26,STL,C,7,1,1,2,-2,6,0.1,1,0,0,0,1,0,0,5,20.0,71,10:08
617,Mike Ribeiro\ribeimi01,19,MTL,C,19,1,1,2,-6,2,-0.2,0,1,0,0,0,1,0,18,5.6,203,10:40
618,Mike Ricci\riccimi01,28,SJS,C,82,20,24,44,14,60,4.9,10,10,0,5,18,4,2,134,14.9,1384,16:52
619,Luke Richardson\richalu01,30,PHI,D,74,2,5,7,14,140,3.8,2,0,0,1,4,0,1,50,4.0,1197,16:11
620,Stephane Richer\richest02,33,TOT,RW,56,15,22,37,9,18,4.4,10,5,0,1,15,7,0,110,13.6,775,13:50
621,Barry Richter\richtba01,29,MTL,D,23,0,2,2,-5,8,0.3,0,0,0,0,1,1,0,13,0.0,282,12:15
622,Byron Ritchie\ritchby01,22,CAR,C,26,0,2,2,-10,17,-0.5,0,0,0,0,1,1,0,13,0.0,193,7:24
623,Jamie Rivers\riverja01,24,NYI,D,75,1,16,17,-4,84,3.0,0,1,0,0,12,4,0,95,1.1,1474,19:39
624,Craig Rivet\rivetcr01,25,MTL,D,61,3,14,17,11,76,4.9,3,0,0,1,13,1,0,71,4.2,1162,19:03
625,Gary Roberts\roberga01,33,CAR,LW,69,23,30,53,-10,62,5.6,11,12,0,1,26,4,0,150,15.3,1278,18:31
626,Bert Robertsson\roberbe01,25,EDM,D,52,0,4,4,-3,34,0.8,0,0,0,0,3,0,1,31,0.0,562,10:49
627,Stephane Robidas\robidst01,22,MTL,D,1,0,0,0,0,0,0.0,0,0,0,0,0,0,0,0,,16,15:54
628,Luc Robitaille*\robitlu01,33,LAK,LW,71,36,38,74,11,68,9.2,23,13,0,7,25,13,0,221,16.3,1318,18:34
629,Randy Robitaille\robitra01,24,NSH,C,69,11,14,25,-13,10,1.9,9,2,0,1,5,9,0,113,9.7,888,12:52
630,Dave Roche\rocheda02,24,CGY,LW,2,0,0,0,-1,5,-0.1,0,0,0,0,0,0,0,3,0.0,17,8:33
631,Marc Rodgers\rodgema01,27,DET,RW,21,1,1,2,-3,10,-0.1,1,0,0,0,1,0,0,17,5.9,166,7:55
632,Jeremy Roenick\roenije01,30,PHX,C,75,34,44,78,11,102,9.1,25,6,3,12,30,13,1,192,17.7,1564,20:51
633,Stacy Roest\roestst01,25,DET,C,49,7,9,16,-1,12,1.4,6,1,0,1,9,0,0,56,12.5,487,9:56
634,Brian Rolston\rolstbr01,26,TOT,LW,77,16,15,31,-12,18,2.1,11,5,0,6,10,5,0,206,7.8,1381,17:56
635,Dale Rominski\rominda01,24,TBL,RW,3,0,1,1,1,2,0.1,0,0,0,0,1,0,0,0,,25,8:23
636,Cliff Ronning\ronnicl01,34,NSH,C,82,26,36,62,-13,34,6.4,19,7,0,2,19,17,0,248,10.5,1490,18:11
637,Pavel Rosa\rosapa01,22,LAK,RW,3,0,0,0,-1,0,-0.1,0,0,0,0,0,0,0,1,0.0,34,11:21
638,Bob Rouse\rousebo01,35,SJS,D,26,0,1,1,-3,19,0.3,0,0,0,0,0,0,1,20,0.0,388,14:56
639,Andre Roy\royan01,24,OTT,LW,73,4,3,7,3,145,0.5,4,0,0,1,3,0,0,39,10.3,474,6:29
640,Michal Rozsival\rozsimi01,21,PIT,D,75,4,17,21,11,48,4.4,3,1,0,1,17,0,0,73,5.5,1426,19:01
641,Steve Rucchin\rucchst01,28,MDA,C,71,19,38,57,9,16,5.5,9,10,0,2,32,6,0,131,14.5,1576,22:12
642,Martin Rucinsky\rucinma01,28,MTL,LW,80,25,24,49,1,70,5.8,17,7,1,4,11,13,0,242,10.3,1512,18:54
643,Jarkko Ruutu\ruutuja01,24,VAN,LW,8,0,1,1,-1,6,-0.1,0,0,0,0,1,0,0,4,0.0,70,8:47
644,Joe Sacco\saccojo01,30,WSH,LW,79,7,16,23,7,50,1.8,7,0,0,1,14,0,2,117,6.0,936,11:51
645,Joe Sakic*\sakicjo01,30,COL,C,60,28,53,81,30,28,10.1,22,5,1,5,36,17,0,242,11.6,1396,23:16
646,Ruslan Salei\saleiru01,25,MDA,D,71,5,5,10,3,94,3.4,4,1,0,0,3,2,0,116,4.3,1444,20:21
647,Sami Salo\salosa01,25,OTT,D,37,6,8,14,6,2,3.4,3,3,0,1,6,2,0,85,7.1,751,20:18
648,Sergei Samsonov\samsose01,21,BOS,LW,77,19,26,45,-6,4,4.4,13,6,0,3,18,8,0,145,13.1,1273,16:32
649,Ulf Samuelsson\samueul01,35,PHI,D,49,1,2,3,8,58,2.2,1,0,0,1,2,0,0,17,5.9,768,15:40
650,Geoff Sanderson\sandege01,27,BUF,LW,67,13,13,26,4,22,2.8,9,4,0,3,12,1,0,136,9.6,865,12:54
651,Oleg Saprykin\sapryol01,18,CGY,C,4,0,1,1,-4,2,-0.1,0,0,0,0,0,1,0,2,0.0,50,12:35
652,Yves Sarault\sarauyv01,27,OTT,LW,11,0,2,2,-3,7,-0.1,0,0,0,0,2,0,0,13,0.0,100,9:03
653,Cory Sarich\saricco01,21,TOT,D,59,0,6,6,-6,77,1.2,0,0,0,0,4,1,1,69,0.0,1095,18:34
654,Miroslav Satan\satanmi01,25,BUF,RW,81,33,34,67,16,32,8.3,25,5,3,5,26,7,1,265,12.5,1667,20:35
655,Andre Savage\savagan01,24,BOS,C,43,7,13,20,-8,10,1.5,5,2,0,1,10,3,0,70,10.0,631,14:40
656,Brian Savage\savagbr01,28,MTL,RW,38,17,12,29,-4,19,3.7,10,6,1,5,12,0,0,107,15.9,682,17:56
657,Marc Savard\savarma01,22,CGY,C,78,22,31,53,-2,56,5.4,18,4,0,3,22,9,0,184,12.0,1294,16:36
658,Kevin Sawyer\sawyeke01,25,PHX,RW,3,0,0,0,1,12,0.0,0,0,0,0,0,0,0,0,,7,2:20
659,Dave Scatchard\scatcda01,23,TOT,C,65,12,18,30,-3,117,2.9,11,0,1,1,18,0,0,128,9.4,817,12:34
660,Peter Schaefer\schaepe01,22,VAN,LW,71,16,15,31,0,20,2.9,12,2,2,4,5,7,3,101,15.8,1098,15:28
661,Petr Schastlivy\schaspe01,20,OTT,LW,13,2,5,7,4,2,0.8,1,1,0,1,4,1,0,22,9.1,160,12:18
662,Mathieu Schneider\schnema01,30,NYR,D,80,10,20,30,-6,78,5.8,7,3,0,1,9,11,0,228,4.4,1801,22:31
663,Ray Schultz\schulra01,23,NYI,D,9,0,1,1,1,30,0.3,0,0,0,0,1,0,0,2,0.0,129,14:18
664,Darrel Scoville\scovida01,24,CGY,D,6,0,0,0,1,2,0.1,0,0,0,0,0,0,0,1,0.0,56,9:18
665,Teemu Selanne*\selante01,29,MDA,RW,79,33,52,85,6,12,9.3,25,8,0,6,29,23,0,236,14.0,1795,22:44
666,Alex Selivanov\selival01,28,EDM,RW,67,27,20,47,2,46,6.1,17,10,0,5,15,5,0,122,22.1,969,14:28
667,Brendan Shanahan*\shanabr01,31,DET,LW,78,41,37,78,24,105,10.5,27,13,1,9,19,16,2,283,14.5,1449,18:35
668,Darryl Shannon\shannda01,31,TOT,D,76,6,21,27,-27,87,3.3,5,1,0,1,12,9,0,112,5.4,1682,22:08
669,Jeff Shantz\shantje01,26,CGY,C,74,13,18,31,-13,30,1.7,7,6,0,1,13,5,0,112,11.6,1350,18:15
670,Vadim Sharifijanov\shariva01,24,TOT,RW,37,5,5,10,-13,22,0.3,4,1,0,0,4,1,0,46,10.9,444,11:59
671,Ray Sheppard\sheppra01,33,FLA,RW,47,10,10,20,-4,4,1.8,5,5,0,2,8,2,0,74,13.5,640,13:38
672,Jeff Shevalier\shevaje01,25,TBL,LW,5,0,0,0,-1,2,-0.1,0,0,0,0,0,0,0,2,0.0,11,2:14
673,Mike Sillinger\sillimi01,28,TOT,RW,80,23,29,52,-30,102,3.8,12,8,3,2,18,9,2,146,15.8,1574,19:40
674,Jon Sim\simjo01,22,DAL,C,25,5,3,8,4,10,1.1,3,2,0,1,3,0,0,44,11.4,271,10:51
675,Chris Simon\simonch01,28,WSH,LW,75,29,20,49,11,146,6.6,22,7,0,5,16,4,0,201,14.4,1165,15:32
676,Reid Simpson\simpsre01,30,TBL,LW,26,1,0,1,-3,103,-0.1,1,0,0,0,0,0,0,13,7.7,118,4:33
677,Todd Simpson\simpsto01,26,FLA,D,82,1,6,7,5,202,2.5,1,0,0,0,6,0,0,50,2.0,1360,16:35
678,Andrei Skopintsev\skopian01,28,TBL,D,4,0,0,0,-4,6,-0.3,0,0,0,0,0,0,0,0,,56,14:07
679,Martin Skoula\skoulma01,20,COL,D,80,3,13,16,5,20,3.9,1,2,0,0,12,1,0,66,4.5,1460,18:15
680,Karlis Skrastins\skraska01,25,NSH,D,59,5,6,11,-7,20,2.7,4,1,0,2,5,0,1,51,9.8,1230,20:51
681,Brian Skrudland\skrudbr01,36,DAL,C,22,1,2,3,0,22,0.2,1,0,0,0,2,0,0,16,6.3,185,8:24
682,John Slaney\slanejo01,27,PIT,D,29,1,4,5,-10,10,0.1,0,1,0,0,3,1,0,27,3.7,354,12:13
683,Jiri Slegr\slegrji01,28,PIT,D,74,11,20,31,20,82,7.0,11,0,0,2,17,3,0,144,7.6,1581,21:22
684,Blake Sloan\sloanbl01,24,DAL,RW,67,4,13,17,11,50,1.3,4,0,0,1,11,1,1,78,5.1,904,13:30
685,Richard Smehlik\smehlri01,30,BUF,D,64,2,9,11,13,50,3.8,2,0,0,0,9,0,0,67,3.0,1349,21:04
686,Brandon Smith\smithbr04,26,BOS,D,22,2,4,6,-4,10,1.1,2,0,0,0,3,1,0,24,8.3,429,19:29
687,D.J. Smith\smithdj01,22,TOR,D,3,0,0,0,-1,5,-0.1,0,0,0,0,0,0,0,2,0.0,38,12:37
688,Dan Smith\smithda02,23,COL,D,3,0,0,0,2,0,0.2,0,0,0,0,0,0,0,0,,33,11:03
689,Jason Smith\smithja01,26,EDM,D,80,3,11,14,16,60,4.8,3,0,0,1,10,0,1,96,3.1,1700,21:15
690,Steve Smith\smithst05,36,CGY,D,20,0,4,4,-13,42,-0.2,0,0,0,0,4,0,0,10,0.0,422,21:07
691,Wyatt Smith\smithwy01,22,PHX,C,2,0,0,0,-2,0,-0.1,0,0,0,0,0,0,0,0,,23,11:39
692,Bryan Smolinski\smolibr01,28,LAK,C,79,20,36,56,2,48,5.1,18,2,0,0,23,12,1,160,12.5,1468,18:35
693,Ryan Smyth\smythry01,23,EDM,LW,82,28,26,54,-2,58,5.7,17,11,0,4,21,4,1,238,11.8,1574,19:12
694,Martin Sonnenberg\sonnema01,22,PIT,LW,14,1,2,3,0,0,0.2,0,1,0,0,2,0,0,19,5.3,104,7:26
695,Brent Sopel\sopelbr01,23,VAN,D,18,2,4,6,9,12,1.7,2,0,0,1,4,0,0,11,18.2,189,10:31
696,Lee Sorochan\sorocle01,24,CGY,D,1,0,0,0,0,0,0.0,0,0,0,0,0,0,0,0,,4,3:40
697,Sheldon Souray\sourash01,23,TOT,D,71,3,8,11,1,114,3.0,3,0,0,0,6,2,0,113,2.7,1261,17:45
698,Jaroslav Spacek\spaceja01,25,FLA,D,82,10,26,36,7,53,7.0,6,4,0,1,14,12,0,111,9.0,1858,22:40
699,Martin St. Louis*\stlouma01,24,CGY,C,56,3,15,18,-5,22,0.5,3,0,0,1,14,0,1,73,4.1,823,14:41
700,Steve Staios\staiost01,26,ATL,RW,27,2,3,5,-5,66,0.0,2,0,0,0,3,0,0,38,5.3,351,13:01
701,Mike Stapleton\staplmi01,33,ATL,C,62,10,12,22,-29,30,0.6,6,4,0,1,7,5,0,146,6.8,1073,17:18
702,Patrik Stefan\stefapa01,19,ATL,C,72,5,20,25,-20,30,0.8,4,1,0,0,18,2,0,117,4.3,1067,14:49
703,Ron Stern\sternro01,33,SJS,RW,67,4,5,9,-9,151,0.0,4,0,0,0,5,0,0,63,6.3,611,9:07
704,Kevin Stevens\steveke01,34,NYR,LW,38,3,5,8,-7,43,0.1,2,1,0,0,5,0,0,44,6.8,475,12:29
705,Scott Stevens*\stevesc01,35,NJD,D,78,8,21,29,30,103,7.9,7,0,1,1,18,1,2,133,6.0,1824,23:23
706,Jeremy Stevenson\steveje01,25,MDA,LW,3,0,0,0,-1,7,-0.1,0,0,0,0,0,0,0,2,0.0,21,6:50
707,Turner Stevenson\stevetu01,27,MTL,RW,64,8,13,21,-1,61,1.9,8,0,0,2,12,1,0,94,8.5,843,13:10
708,Cam Stewart\stewaca01,28,FLA,LW,65,9,7,16,-2,30,1.5,9,0,0,3,6,1,0,52,17.3,589,9:04
709,Cory Stillman\stillco01,26,CGY,C,37,12,9,21,-9,12,1.9,6,6,0,3,6,3,0,59,20.3,657,17:45
710,P.J. Stock\stockpj01,24,NYR,C,11,0,1,1,1,11,0.0,0,0,0,0,1,0,0,2,0.0,68,6:13
711,Martin Straka\strakma01,27,PIT,C,71,20,39,59,24,26,5.7,16,3,1,2,27,12,0,146,13.7,1701,23:58
712,Jason Strudwick\strudja01,24,VAN,D,63,1,3,4,-13,64,0.2,1,0,0,0,3,0,0,18,5.6,958,15:12
713,Brad Stuart\stuarbr02,20,SJS,D,82,10,26,36,3,32,6.7,4,5,1,3,15,9,2,133,7.5,1673,20:24
714,Jozef Stumpel\stumpjo01,27,LAK,C,57,17,41,58,23,10,6.5,14,3,0,7,27,14,0,126,13.5,1098,19:16
715,Marco Sturm\sturmma01,21,SJS,LW,74,12,15,27,4,22,2.5,6,2,4,3,14,0,1,120,10.0,1044,14:07
716,Radoslav Suchy\suchyra01,23,PHX,D,60,0,6,6,2,16,1.6,0,0,0,0,5,1,0,36,0.0,909,15:09
717,Mike Sullivan\sullimi01,31,PHX,C,79,5,10,15,-4,10,0.3,3,0,2,1,10,0,0,59,8.5,916,11:36
718,Steve Sullivan\sullist01,25,TOT,C,80,22,43,65,19,56,7.2,19,2,1,6,30,13,0,180,12.2,1403,17:32
719,Mats Sundin*\sundima01,28,TOR,C,73,32,41,73,16,46,8.9,20,10,2,7,31,9,1,184,17.4,1473,20:11
720,Niklas Sundstrom\sundsni01,24,SJS,LW,79,12,25,37,9,22,3.4,9,2,1,2,19,6,0,90,13.3,1198,15:10
721,Gary Suter\suterga01,35,SJS,D,76,6,28,34,7,52,6.5,3,2,1,0,5,20,3,175,3.4,1785,23:30
722,Ron Sutter\suttero01,36,SJS,C,78,5,6,11,-3,34,0.3,4,0,1,1,6,0,0,68,7.4,746,9:34
723,Andy Sutton\suttoan01,24,SJS,D,40,1,1,2,-5,80,0.5,1,0,0,0,1,0,0,29,3.4,518,12:57
724,Ken Sutton\suttoke01,30,NJD,D,6,0,2,2,2,2,0.5,0,0,0,0,1,1,0,10,0.0,104,17:21
725,Per Svartvadet\svartpe01,24,ATL,LW,38,3,4,7,-8,6,0.0,3,0,0,0,4,0,0,36,8.3,509,13:24
726,Robert Svehla\svehlro01,31,FLA,D,82,9,40,49,23,64,9.6,6,3,0,1,22,18,0,143,6.3,2013,24:33
727,Jaroslav Svejkovsky\svejkja01,23,TOT,LW,52,6,7,13,-14,30,0.4,5,1,0,0,5,2,0,60,10.0,565,10:52
728,Petr Svoboda\svobope01,33,TBL,D,70,2,23,25,-11,170,3.4,0,2,0,0,10,9,4,93,2.2,1610,23:00
729,Don Sweeney\sweendo01,33,BOS,D,81,1,13,14,-14,48,2.6,1,0,0,0,12,1,0,82,1.2,1712,21:08
730,Darryl Sydor\sydorda01,27,DAL,D,74,8,26,34,6,32,7.6,3,5,0,1,14,11,1,132,6.1,1713,23:09
731,Petr Sykora\sykorpe01,23,NJD,C,79,25,43,68,24,26,8.1,19,5,1,4,30,13,0,222,11.3,1351,17:06
732,Dean Sylvester\sylvede01,27,ATL,RW,52,16,10,26,-14,24,2.8,15,1,0,2,8,2,0,98,16.3,714,13:44
733,Chris Tamer\tamerch01,29,ATL,D,69,2,8,10,-32,91,0.4,2,0,0,0,6,1,1,61,3.3,1275,18:29
734,David Tanabe\tanabda01,19,CAR,D,31,4,0,4,-4,14,1.1,1,3,0,0,0,0,0,28,14.3,400,12:53
735,Alex Tanguay\tangual01,20,COL,C,76,17,34,51,6,22,5.3,12,5,0,3,29,5,0,74,23.0,1188,15:38
736,Chris Taylor\tayloch01,27,BUF,C,11,1,1,2,-2,2,0.0,1,0,0,0,1,0,0,15,6.7,120,10:54
737,Tim Taylor\tayloti01,30,NYR,C,76,9,11,20,-4,72,1.1,9,0,0,2,8,1,2,79,11.4,1075,14:09
738,Alexei Tezikov\tezikal01,21,WSH,D,23,1,1,2,-2,2,0.4,0,1,0,1,0,1,0,18,5.6,242,10:30
739,Chris Therien\therich01,28,PHI,D,80,4,9,13,11,66,5.0,3,1,0,1,9,0,0,126,3.2,1617,20:12
740,Steve Thomas\thomast01,36,TOR,RW,81,26,37,63,1,68,6.9,17,9,0,9,22,15,0,151,17.2,1321,16:19
741,Joe Thornton\thornjo01,20,BOS,C,81,23,37,60,-5,82,5.7,18,5,0,3,29,8,0,171,13.5,1725,21:18
742,Scott Thornton\thornsc01,29,TOT,C,65,8,6,14,-12,108,0.7,7,1,0,1,6,0,0,83,9.6,835,12:50
743,Mattias Timander\timanma01,25,BOS,D,60,0,8,8,-11,22,0.9,0,0,0,0,7,1,0,39,0.0,749,12:29
744,Kimmo Timonen\timonki01,24,NSH,D,51,8,25,33,-5,26,5.2,5,2,1,2,11,14,0,97,8.2,1076,21:06
745,German Titov\titovge01,34,TOT,LW,70,17,29,46,-1,38,3.8,11,4,2,3,21,7,1,122,13.9,1376,19:39
746,Keith Tkachuk\tkachke01,27,PHX,LW,50,22,21,43,7,82,5.2,16,5,1,1,15,3,3,183,12.0,967,19:21
747,Rick Tocchet\tocchri01,35,TOT,RW,80,15,20,35,-1,90,3.0,11,4,0,1,18,2,0,130,11.5,1255,15:41
748,Jeff Toms\tomsje01,25,WSH,LW,20,1,2,3,-1,4,0.1,1,0,0,1,2,0,0,18,5.6,169,8:26
749,Pavel Torgaev\torgapa01,34,TOT,LW,14,0,4,4,1,6,0.2,0,0,0,0,3,1,0,18,0.0,173,12:21
750,Patrick Traverse\travepa01,25,OTT,D,66,6,17,23,17,21,5.7,5,1,0,0,12,5,0,73,8.2,1235,18:43
751,Dan Trebil\trebida01,25,PIT,D,3,1,0,1,2,0,0.4,1,0,0,0,0,0,0,2,50.0,38,12:33
752,Yannick Tremblay\trembya01,24,ATL,D,75,10,21,31,-42,22,2.9,5,4,1,2,9,12,0,139,7.2,1459,19:27
753,Pascal Trepanier\trepapa01,26,MDA,D,37,0,4,4,2,54,1.0,0,0,0,0,2,2,0,33,0.0,418,11:18
754,Pavel Trnka\trnkapa01,23,MDA,D,57,2,15,17,12,34,4.1,2,0,0,0,14,0,1,54,3.7,1103,19:21
755,Jean-Guy Trudel\trudeje01,24,PHX,RW,1,0,0,0,-1,0,0.0,0,0,0,0,0,0,0,0,,5,4:33
756,Vladimir Tsyplakov\tsyplvl01,30,TOT,LW,63,12,20,32,23,14,4.1,11,1,0,2,18,2,0,76,15.8,774,12:17
757,Darcy Tucker\tuckeda01,24,TOT,LW,77,21,30,51,-12,163,4.4,18,1,2,5,21,8,1,138,15.2,1449,18:49
758,Marko Tuomainen\tuomama01,27,LAK,RW,63,9,8,17,-12,80,0.8,6,2,1,1,7,1,0,74,12.2,725,11:30
759,Darren Turcotte\turcoda01,31,NSH,C,9,0,1,1,0,4,0.0,0,0,0,0,1,0,0,13,0.0,83,9:13
760,Pierre Turgeon\turgepi01,30,STL,C,52,26,40,66,30,8,9.0,18,8,0,3,23,16,1,139,18.7,999,19:13
761,Oleg Tverdovsky\tverdol01,23,MDA,D,82,15,36,51,5,30,9.2,10,5,0,5,21,14,1,153,9.8,1867,22:46
762,Igor Ulanov\ulanoig01,30,TOT,D,57,1,8,9,-14,86,1.4,1,0,0,0,6,2,0,39,2.6,941,16:31
763,Lubomir Vaic\vaiclu01,22,VAN,C,4,0,0,0,0,0,-0.1,0,0,0,0,0,0,0,2,0.0,30,7:28
764,Rob Valicevic\valicro01,29,NSH,C,80,14,11,25,-11,21,1.9,11,2,1,3,8,1,2,113,12.4,1161,14:31
765,Garry Valk\valkga01,32,TOR,RW,73,10,14,24,-2,44,1.7,9,0,1,1,11,1,2,91,11.0,938,12:51
766,Shaun Van Allen\vanalsh01,32,OTT,C,75,9,19,28,20,37,3.2,7,0,2,4,18,0,1,75,12.0,886,11:49
767,David Van Drunen\vandrda01,24,OTT,D,1,0,0,0,0,0,0.0,0,0,0,0,0,0,0,0,,5,4:38
768,Darren Van Impe\vanimda01,26,BOS,D,79,5,23,28,-19,73,3.9,1,4,0,0,8,15,0,97,5.2,1541,19:31
769,Ryan VandenBussche\vandery01,26,CHI,RW,52,0,1,1,-3,143,-0.6,0,0,0,0,0,1,0,19,0.0,292,5:37
770,Vaclav Varada\varadva01,23,BUF,RW,76,10,27,37,12,62,3.5,10,0,0,0,24,3,0,140,7.1,1137,14:58
771,Sergei Varlamov\varlase01,21,CGY,RW,7,3,0,3,0,0,0.5,3,0,0,1,0,0,0,11,27.3,73,10:22
772,Alexei Vasiliev\vasilal02,22,NYR,D,1,0,0,0,-1,2,-0.1,0,0,0,0,0,0,0,0,,16,15:57
773,Herbert Vasiljevs\vasilhe01,23,ATL,C,7,1,0,1,-3,4,0.0,1,0,0,0,0,0,0,2,50.0,65,9:18
774,Pat Verbeek\verbepa01,35,DET,RW,68,22,26,48,22,95,6.0,15,7,0,5,20,6,0,138,15.9,1092,16:04
775,Terry Virtue\virtute01,29,NYR,D,1,0,0,0,-2,0,-0.1,0,0,0,0,0,0,0,2,0.0,13,12:32
776,Vitaly Vishnevski\vishnvi01,19,MDA,D,31,1,1,2,0,26,0.7,0,1,0,0,1,0,0,17,5.9,516,16:38
777,Alexandre Volchkov\volchal01,22,WSH,RW,3,0,0,0,-2,0,-0.1,0,0,0,0,0,0,0,1,0.0,30,10:07
778,Jan Vopat\vopatja01,26,NSH,D,6,0,0,0,1,6,0.2,0,0,0,0,0,0,0,3,0.0,108,17:55
779,Vladimir Vujtek\vujtevl01,27,ATL,LW,3,0,0,0,0,0,0.0,0,0,0,0,0,0,0,2,0.0,33,10:52
780,Sergei Vyshedkevich\vyshese01,25,ATL,D,7,1,3,4,-3,2,0.5,0,1,0,0,2,1,0,5,20.0,163,23:18
781,Scott Walker\walkesc01,26,NSH,RW,69,7,21,28,-16,90,1.4,6,0,1,0,20,1,0,98,7.1,1092,15:49
782,Jesse Wallin\wallije01,21,DET,D,1,0,0,0,-2,0,-0.1,0,0,0,0,0,0,0,0,,19,19:22
783,Aaron Ward\wardaa01,27,DET,D,36,1,3,4,-4,24,0.6,1,0,0,0,3,0,0,25,4.0,453,12:36
784,Dixon Ward\warddi01,31,BUF,LW,71,11,9,20,1,41,1.6,8,1,2,2,8,1,0,101,10.9,992,13:58
785,Ed Ward\warded01,30,TOT,RW,52,6,1,7,-7,59,0.2,4,0,2,0,1,0,0,56,10.7,559,10:45
786,Jason Ward\wardja01,21,MTL,RW,32,2,1,3,-1,10,0.1,1,1,0,0,1,0,0,24,8.3,294,9:10
787,Rhett Warrener\warrerh01,24,BUF,D,61,0,3,3,18,89,3.0,0,0,0,0,3,0,0,68,0.0,1211,19:51
788,Todd Warriner\warrito01,26,TOT,C,73,14,14,28,-8,36,2.0,10,3,1,0,11,3,0,133,10.5,1132,15:30
789,Steve Washburn\washbst01,24,PHI,C,1,0,0,0,0,0,0.0,0,0,0,0,0,0,0,1,0.0,14,14:26
790,Mike Watt\wattmi01,23,NYI,LW,45,5,6,11,-8,17,0.4,4,0,1,0,6,0,0,49,10.2,541,12:02
791,Steve Webb\webbst01,24,NYI,RW,65,1,3,4,-4,103,-0.4,1,0,0,0,3,0,0,27,3.7,455,7:00
792,Doug Weight\weighdo01,29,EDM,C,77,21,51,72,6,54,7.2,17,3,1,4,29,22,0,167,12.6,1585,20:35
793,Eric Weinrich\weinrer01,33,MTL,D,77,4,25,29,4,39,7.1,2,2,0,0,8,16,1,120,3.3,1952,25:21
794,Chris Wells\wellsch01,24,FLA,C,13,0,0,0,-5,14,-0.4,0,0,0,0,0,0,0,5,0.0,109,8:23
795,Brad Werenka\werenbr01,30,TOT,D,73,4,9,13,13,90,3.8,4,0,0,1,9,0,0,62,6.5,1396,19:07
796,Glen Wesley\weslegl01,31,CAR,D,78,7,15,22,-4,38,5.2,6,1,0,0,11,4,0,99,7.1,1680,21:32
797,Tommy Westlund\westlto01,25,CAR,RW,81,4,8,12,-10,19,0.1,3,0,1,0,8,0,0,67,6.0,841,10:23
798,Colin White\whiteco01,22,NJD,D,21,2,1,3,3,40,1.0,2,0,0,1,1,0,0,29,6.9,310,14:45
799,Peter White\whitepe01,30,PHI,LW,21,1,5,6,1,6,0.4,1,0,0,0,5,0,0,24,4.2,274,13:04
800,Todd White\whiteto02,24,TOT,C,4,1,0,1,-1,0,0.1,1,0,0,0,0,0,0,4,25.0,44,11:07
801,Ray Whitney\whitnra01,27,FLA,LW,81,29,42,71,16,35,8.3,24,5,0,3,25,17,0,198,14.6,1514,18:41
802,Jason Wiemer\wiemeja01,23,CGY,LW,64,11,11,22,-10,120,1.4,9,2,0,3,9,2,0,104,10.6,940,14:41
803,Shane Willis\willish01,22,CAR,RW,2,0,0,0,-1,0,-0.1,0,0,0,0,0,0,0,1,0.0,12,5:50
804,Brian Willsie\willsbr01,21,COL,RW,1,0,0,0,0,0,0.0,0,0,0,0,0,0,0,1,0.0,8,8:16
805,Clarke Wilm\wilmcl01,23,CGY,C,78,10,12,22,-6,67,1.4,6,1,3,0,10,2,0,81,12.3,986,12:38
806,Landon Wilson\wilsola02,24,BOS,RW,40,1,3,4,-6,18,-0.4,1,0,0,0,3,0,0,67,1.5,406,10:09
807,Mike Wilson\wilsomi02,24,FLA,D,60,4,16,20,10,35,4.3,4,0,0,2,10,6,0,65,6.2,1087,18:07
808,Johan Witehall\witehjo01,28,NYR,LW,9,1,1,2,0,2,0.2,1,0,0,0,1,0,0,6,16.7,76,8:26
809,Brendan Witt\wittbr01,24,WSH,D,77,1,7,8,5,114,2.9,1,0,0,0,6,1,0,64,1.6,1612,20:56
810,Jason Woolley\woollja01,30,BUF,D,74,8,25,33,14,52,6.8,6,2,0,2,9,16,0,113,7.1,1321,17:51
811,Peter Worrell\worrepe01,22,FLA,LW,48,3,6,9,-7,169,0.3,1,2,0,1,4,2,0,45,6.7,404,8:25
812,Jamie Wright\wrighja01,23,DAL,LW,23,1,4,5,4,16,0.5,1,0,0,0,4,0,0,15,6.7,226,9:50
813,Tyler Wright\wrighty01,26,PIT,C,50,12,10,22,4,45,2.3,12,0,0,1,10,0,0,68,17.6,670,13:24
814,Vitali Yachmenev\yachmvi01,25,NSH,RW,68,16,16,32,5,12,3.6,14,1,1,3,16,0,0,120,13.3,1049,15:26
815,Terry Yake\yakete01,31,TOT,RW,61,10,14,24,4,34,2.3,7,3,0,3,12,2,0,55,18.2,801,13:08
816,Dmitri Yakushin\yakusdm01,22,TOR,D,2,0,0,0,0,2,0.0,0,0,0,0,0,0,0,1,0.0,20,10:03
817,Stephane Yelle\yellest01,25,COL,C,79,8,14,22,9,28,1.4,7,0,1,1,13,1,0,90,8.9,1253,15:51
818,Juha Ylonen\yloneju01,27,PHX,C,76,6,23,29,-6,12,1.1,5,0,1,1,21,1,1,82,7.3,1270,16:43
819,Harry York\yorkha01,25,VAN,C,54,4,13,17,-4,20,0.8,2,1,1,0,11,0,2,50,8.0,679,12:35
820,Jason York\yorkja01,29,OTT,D,79,8,22,30,-3,60,5.8,7,1,0,1,14,7,1,159,5.0,1843,23:20
821,Mike York\yorkmi01,22,NYR,C,82,26,24,50,-17,18,5.0,18,8,0,4,20,4,0,177,14.7,1299,15:51
822,B.J. Young\youngbj01,22,DET,RW,1,0,0,0,0,0,0.0,0,0,0,0,0,0,0,1,0.0,1,1:04
823,Scott Young\youngsc01,32,STL,RW,75,24,15,39,12,18,5.0,17,6,1,7,7,8,0,244,9.8,1208,16:06
824,Dmitry Yushkevich\yushkdm01,28,TOR,D,77,3,24,27,2,55,4.5,0,2,1,1,20,3,1,103,2.9,1794,23:18
825,Steve Yzerman*\yzermst01,34,DET,C,78,35,44,79,28,34,9.8,18,15,2,6,28,14,2,234,15.0,1647,21:07
826,Zarley Zalapski\zalapza01,31,PHI,D,12,0,2,2,0,6,0.5,0,0,0,0,2,0,0,6,0.0,170,14:12
827,Rob Zamuner\zamunro01,30,OTT,LW,57,9,12,21,-6,32,1.5,8,0,1,0,11,1,0,103,8.7,851,14:56
828,Richard Zednik\zedniri01,24,WSH,LW,69,19,16,35,6,54,4.0,18,1,0,2,15,1,0,179,10.6,1074,15:34
829,Jeff Zehr\zehrje01,21,BOS,LW,4,0,0,0,-1,2,-0.1,0,0,0,0,0,0,0,3,0.0,30,7:25
830,Valeri Zelepukin\zelepva01,31,PHI,LW,77,11,21,32,-3,55,2.8,9,2,0,3,12,9,0,125,8.8,1126,14:37
831,Rob Zettler\zettlro01,31,WSH,D,12,0,2,2,-1,19,0.3,0,0,0,0,2,0,0,15,0.0,184,15:22
832,Alex Zhamnov\zhamnal01,29,CHI,C,71,23,37,60,7,61,6.0,18,5,0,7,24,9,4,175,13.1,1572,22:08
833,Alexei Zhitnik\zhitnal01,27,BUF,D,74,2,11,13,-6,95,3.0,1,1,0,0,4,5,2,139,1.4,1835,24:48
834,Sergei Zholtok\zholtse01,27,MTL,C,68,26,12,38,2,28,5.2,17,9,0,7,9,3,0,163,16.0,1175,17:17
835,Doug Zmolek\zmoledo01,29,CHI,D,43,2,7,9,6,60,2.0,2,0,0,0,4,2,1,24,8.3,656,15:15
836,Sergei Zubov*\zubovse01,29,DAL,D,77,9,33,42,-2,18,8.8,5,3,1,3,12,19,2,179,5.0,2220,28:50
837,Dainius Zubrus\zubruda01,21,MTL,RW,73,14,28,42,-1,54,4.1,11,3,0,1,22,6,0,139,10.1,1286,17:37
838,Andrei Zyuzin\zyuzian01,22,TBL,D,34,2,9,11,-11,33,1.1,2,0,0,0,6,3,0,47,4.3,696,20:28
